condition_id,architecture,item_id,block,ps,dprime_ai,dprime_human,thresholds_distance,blow,bhigh,true_label,x_ai,x_human,ai_classification
1,0,1,1,0.5,1.5,1.5,2,-1.0,1.0,signal,0.1602578219517421,1.0984593022749498,uncertain
1,0,2,1,0.5,1.5,1.5,2,-1.0,1.0,signal,0.37754134026751196,1.9584462175801747,uncertain
1,0,3,1,0.5,1.5,1.5,2,-1.0,1.0,signal,-0.3706161760284923,0.19634759106656674,uncertain
1,0,4,1,0.5,1.5,1.5,2,-1.0,1.0,noise,0.3123241004567072,-1.2432545081765207,uncertain
1,0,5,1,0.5,1.5,1.5,2,-1.0,1.0,noise,-0.16946924719331458,0.4682212668031285,uncertain
1,0,6,1,0.5,1.5,1.5,2,-1.0,1.0,signal,2.0019254180279766,-0.6484109391533264,signal
1,0,7,1,0.5,1.5,1.5,2,-1.0,1.0,signal,1.580891595781261,1.1451578282316346,signal
1,0,8,1,0.5,1.5,1.5,2,-1.0,1.0,noise,-0.6635760230750681,-2.0566845357896657,uncertain
1,0,9,1,0.5,1.5,1.5,2,-1.0,1.0,noise,-0.8963846515950684,-0.014160958452914318,uncertain
1,0,10,1,0.5,1.5,1.5,2,-1.0,1.0,noise,-2.332894178593256,-0.9041212643840282,noise
1,0,11,2,0.5,1.5,1.5,2,-1.0,1.0,signal,2.3314258366781564,2.218555741603522,signal
1,0,12,2,0.5,1.5,1.5,2,-1.0,1.0,signal,-0.06742414741561265,1.0784214016116693,uncertain
1,0,13,2,0.5,1.5,1.5,2,-1.0,1.0,noise,-0.22753522989956165,0.5923030162549838,uncertain
1,0,14,2,0.5,1.5,1.5,2,-1.0,1.0,noise,-2.162453202019721,-0.49011259848182936,noise
1,0,15,2,0.5,1.5,1.5,2,-1.0,1.0,signal,0.19920520683636256,0.5902117749057482,uncertain
1,0,16,2,0.5,1.5,1.5,2,-1.0,1.0,signal,0.14099900425529177,-0.4985696694383346,uncertain
1,0,17,2,0.5,1.5,1.5,2,-1.0,1.0,noise,0.517214576211096,-2.1911569282412904,uncertain
1,0,18,2,0.5,1.5,1.5,2,-1.0,1.0,signal,1.1457940996458014,0.36138075131739494,signal
1,0,19,2,0.5,1.5,1.5,2,-1.0,1.0,noise,-1.1044804166981586,-0.6877197439367312,noise
1,0,20,2,0.5,1.5,1.5,2,-1.0,1.0,noise,-0.7727457275936541,-0.9733137455951327,uncertain
1,0,21,3,0.5,1.5,1.5,2,-1.0,1.0,signal,0.09443565369281826,-0.7579075683987799,uncertain
1,0,22,3,0.5,1.5,1.5,2,-1.0,1.0,noise,0.6915029443302303,-0.38224096628005216,uncertain
1,0,23,3,0.5,1.5,1.5,2,-1.0,1.0,noise,-1.7719388426824285,-1.1812764608359612,noise
1,0,24,3,0.5,1.5,1.5,2,-1.0,1.0,signal,1.7489598081723332,3.4834032920516362,signal
1,0,25,3,0.5,1.5,1.5,2,-1.0,1.0,noise,-0.2255226098598957,0.46362113497896673,uncertain
1,0,26,3,0.5,1.5,1.5,2,-1.0,1.0,signal,0.6744032302272238,-0.6738976542859705,uncertain
1,0,27,3,0.5,1.5,1.5,2,-1.0,1.0,signal,0.15780251886360896,0.8163959852923519,uncertain
1,0,28,3,0.5,1.5,1.5,2,-1.0,1.0,signal,-0.0071012869323127115,0.5612579716283866,uncertain
1,0,29,3,0.5,1.5,1.5,2,-1.0,1.0,noise,-0.49614812992827373,-0.10562496661733356,uncertain
1,0,30,3,0.5,1.5,1.5,2,-1.0,1.0,signal,1.872532716521214,0.41201191293969847,signal
1,0,31,3,0.5,1.5,1.5,2,-1.0,1.0,signal,-0.19118730985532284,-0.2445334783242138,uncertain
1,0,32,3,0.5,1.5,1.5,2,-1.0,1.0,signal,-1.1854281497631396,-0.2802782403398085,noise
1,0,33,3,0.5,1.5,1.5,2,-1.0,1.0,noise,0.5166873341284706,-0.9044868250231859,uncertain
1,0,34,3,0.5,1.5,1.5,2,-1.0,1.0,signal,0.6420950624197618,2.400088217954756,uncertain
1,0,35,3,0.5,1.5,1.5,2,-1.0,1.0,signal,0.8786086191665419,0.0656009824734266,uncertain
1,0,36,3,0.5,1.5,1.5,2,-1.0,1.0,noise,0.10859930014827901,-0.1630077315723698,uncertain
1,0,37,3,0.5,1.5,1.5,2,-1.0,1.0,noise,-0.22857462113758809,-0.6570441752421832,uncertain
1,0,38,3,0.5,1.5,1.5,2,-1.0,1.0,signal,0.9895951749910978,1.2512493439910268,uncertain
1,0,39,3,0.5,1.5,1.5,2,-1.0,1.0,noise,-2.0053279434823814,-0.08928636833769621,noise
1,0,40,3,0.5,1.5,1.5,2,-1.0,1.0,noise,-0.7863854451611407,-2.1592222013873803,uncertain
1,0,41,3,0.5,1.5,1.5,2,-1.0,1.0,signal,0.6301059147020143,1.12055367435465,uncertain
1,0,42,3,0.5,1.5,1.5,2,-1.0,1.0,signal,2.665265982249567,2.103020710970627,signal
1,0,43,3,0.5,1.5,1.5,2,-1.0,1.0,signal,-1.0497217152797094,2.3170128344474117,noise
1,0,44,3,0.5,1.5,1.5,2,-1.0,1.0,noise,-0.6903850073156398,-2.0050385413743026,uncertain
1,0,45,3,0.5,1.5,1.5,2,-1.0,1.0,noise,0.33705661058058567,-1.6517597217213635,uncertain
1,0,46,3,0.5,1.5,1.5,2,-1.0,1.0,signal,1.9827614392619537,-0.24709638097591324,signal
1,0,47,3,0.5,1.5,1.5,2,-1.0,1.0,signal,2.687874831287396,2.2201540666627135,signal
1,0,48,3,0.5,1.5,1.5,2,-1.0,1.0,signal,0.44879684424517347,-0.009817358508790397,uncertain
1,0,49,3,0.5,1.5,1.5,2,-1.0,1.0,signal,-0.4626190051757555,-0.05888744611468233,uncertain
1,0,50,3,0.5,1.5,1.5,2,-1.0,1.0,signal,2.1131510845161006,1.3518253798009443,signal
1,0,51,3,0.5,1.5,1.5,2,-1.0,1.0,noise,0.28492221241558546,0.36179386375240985,uncertain
1,0,52,3,0.5,1.5,1.5,2,-1.0,1.0,noise,-1.9610304467323156,-0.3902762889889707,noise
1,0,53,3,0.5,1.5,1.5,2,-1.0,1.0,signal,-0.7061533969718787,0.5719389810840217,uncertain
1,0,54,3,0.5,1.5,1.5,2,-1.0,1.0,noise,-0.5291213840070158,-2.6248562037603236,uncertain
1,0,55,3,0.5,1.5,1.5,2,-1.0,1.0,noise,-0.411427282461288,-0.8921476982589871,uncertain
1,0,56,3,0.5,1.5,1.5,2,-1.0,1.0,noise,-1.0564068913131002,-0.959928000047105,noise
1,0,57,3,0.5,1.5,1.5,2,-1.0,1.0,noise,-1.2238315444320997,1.3582087035615098,noise
1,0,58,3,0.5,1.5,1.5,2,-1.0,1.0,noise,-2.7960955783379413,-1.3465741615554467,noise
1,0,59,3,0.5,1.5,1.5,2,-1.0,1.0,signal,1.6498916924514435,0.2269084876841525,signal
1,0,60,3,0.5,1.5,1.5,2,-1.0,1.0,signal,1.5937134305287035,0.5509349665634582,signal
1,0,61,3,0.5,1.5,1.5,2,-1.0,1.0,signal,-0.38972195807658117,0.844821601727382,uncertain
1,0,62,3,0.5,1.5,1.5,2,-1.0,1.0,noise,-0.6003591347328499,-0.06781897836959128,uncertain
1,0,63,3,0.5,1.5,1.5,2,-1.0,1.0,noise,-2.1320877363137933,-0.9334333004512829,noise
1,0,64,3,0.5,1.5,1.5,2,-1.0,1.0,signal,1.3617580765371105,0.26892680284034437,signal
1,0,65,3,0.5,1.5,1.5,2,-1.0,1.0,noise,0.6912475072326285,-2.286346767944365,uncertain
1,0,66,3,0.5,1.5,1.5,2,-1.0,1.0,signal,0.6516873518588024,0.691926611531379,uncertain
1,0,67,3,0.5,1.5,1.5,2,-1.0,1.0,noise,-0.45405699314226755,-0.0468367847129737,uncertain
1,0,68,3,0.5,1.5,1.5,2,-1.0,1.0,noise,-1.1558726765474492,-0.8028478273914164,noise
1,0,69,3,0.5,1.5,1.5,2,-1.0,1.0,noise,-1.3565794701661875,0.7225126276438494,noise
1,0,70,3,0.5,1.5,1.5,2,-1.0,1.0,signal,-0.07503411458633602,0.977552442980994,uncertain
1,0,71,3,0.5,1.5,1.5,2,-1.0,1.0,signal,0.7730525775869459,0.9032524293864864,uncertain
1,0,72,3,0.5,1.5,1.5,2,-1.0,1.0,signal,1.1892172461406239,0.446970728115115,signal
1,0,73,3,0.5,1.5,1.5,2,-1.0,1.0,noise,-2.908644364554341,-1.118925813572904,noise
1,0,74,3,0.5,1.5,1.5,2,-1.0,1.0,signal,-0.8816201110636921,0.3562665901454207,uncertain
1,0,75,3,0.5,1.5,1.5,2,-1.0,1.0,noise,0.13667160665952427,-1.0354750786453781,uncertain
1,0,76,3,0.5,1.5,1.5,2,-1.0,1.0,noise,-1.2938675304521827,-1.0866731571749273,noise
1,0,77,3,0.5,1.5,1.5,2,-1.0,1.0,noise,-0.4481345053324776,-0.6376998731004514,uncertain
1,0,78,3,0.5,1.5,1.5,2,-1.0,1.0,signal,1.7760694991808255,-0.15709069422845545,signal
1,0,79,3,0.5,1.5,1.5,2,-1.0,1.0,noise,-0.9068157918517867,-0.6679931263906368,uncertain
1,0,80,3,0.5,1.5,1.5,2,-1.0,1.0,noise,-0.39062670971516295,-0.5319411622565243,uncertain
1,0,81,3,0.5,1.5,1.5,2,-1.0,1.0,signal,0.4792068047112775,-0.6456561857270491,uncertain
1,0,82,3,0.5,1.5,1.5,2,-1.0,1.0,noise,-0.9271660129881094,-0.4819326445167428,uncertain
1,0,83,3,0.5,1.5,1.5,2,-1.0,1.0,signal,1.9119564162680702,0.46145320077066354,signal
1,0,84,3,0.5,1.5,1.5,2,-1.0,1.0,signal,-0.0021327531018500157,2.0187248895236327,uncertain
1,0,85,3,0.5,1.5,1.5,2,-1.0,1.0,signal,-0.2571119087308944,-0.5246606469264263,uncertain
1,0,86,3,0.5,1.5,1.5,2,-1.0,1.0,signal,-0.6379601414271496,-0.5152907641556419,uncertain
1,0,87,3,0.5,1.5,1.5,2,-1.0,1.0,noise,-3.1950567965799475,-0.6466490465903456,noise
1,0,88,3,0.5,1.5,1.5,2,-1.0,1.0,noise,-0.5099604293659367,-1.931494242409808,uncertain
1,0,89,3,0.5,1.5,1.5,2,-1.0,1.0,noise,-0.7939018260127526,-1.456478960005187,uncertain
1,0,90,3,0.5,1.5,1.5,2,-1.0,1.0,signal,1.0571294171846835,0.7684757234146564,signal
1,0,91,3,0.5,1.5,1.5,2,-1.0,1.0,signal,-0.19114286835674088,1.3914380456034574,uncertain
1,0,92,3,0.5,1.5,1.5,2,-1.0,1.0,signal,0.11997500517494275,1.2253798456303189,uncertain
1,0,93,3,0.5,1.5,1.5,2,-1.0,1.0,noise,-2.1474390730845414,-0.9652850542771041,noise
1,0,94,3,0.5,1.5,1.5,2,-1.0,1.0,noise,-0.7003751760319449,0.43287689922234174,uncertain
1,0,95,3,0.5,1.5,1.5,2,-1.0,1.0,noise,-0.06899617749764697,-2.3074954380613035,uncertain
1,0,96,3,0.5,1.5,1.5,2,-1.0,1.0,noise,-0.29024665659860766,-1.6634243633091723,uncertain
1,0,97,3,0.5,1.5,1.5,2,-1.0,1.0,noise,-2.6254415793372132,1.4783201275672608,noise
1,0,98,3,0.5,1.5,1.5,2,-1.0,1.0,signal,1.3478247133186207,2.00451949667086,signal
1,0,99,3,0.5,1.5,1.5,2,-1.0,1.0,signal,1.0095791216137533,0.45442272215748986,signal
1,0,100,3,0.5,1.5,1.5,2,-1.0,1.0,signal,0.9942956821650666,1.30185280933798,uncertain
1,0,101,3,0.5,1.5,1.5,2,-1.0,1.0,noise,-0.9207308283757145,-0.3411162725696645,uncertain
1,0,102,3,0.5,1.5,1.5,2,-1.0,1.0,noise,-1.2952524360311912,0.5973832593807127,noise
1,0,103,3,0.5,1.5,1.5,2,-1.0,1.0,signal,-0.1263449712687963,2.3738532753965806,uncertain
1,0,104,3,0.5,1.5,1.5,2,-1.0,1.0,signal,1.2865164514163716,2.2098960269133787,signal
1,0,105,3,0.5,1.5,1.5,2,-1.0,1.0,signal,0.9573800241460273,0.9967390324940483,uncertain
1,0,106,3,0.5,1.5,1.5,2,-1.0,1.0,noise,-0.8103903199170703,0.30099438238286513,uncertain
1,0,107,3,0.5,1.5,1.5,2,-1.0,1.0,noise,-0.7879838081903362,-0.03707305083972423,uncertain
1,0,108,3,0.5,1.5,1.5,2,-1.0,1.0,noise,0.7755407199425017,-1.0869343567202105,uncertain
1,0,109,3,0.5,1.5,1.5,2,-1.0,1.0,signal,2.138752643277878,0.6762876714834544,signal
1,0,110,3,0.5,1.5,1.5,2,-1.0,1.0,signal,2.3509727642590796,1.236008691518109,signal
1,0,111,3,0.5,1.5,1.5,2,-1.0,1.0,signal,-0.40875622158009706,-1.238000563676921,uncertain
1,0,112,3,0.5,1.5,1.5,2,-1.0,1.0,signal,0.7816426477229518,0.33748196573909334,uncertain
1,0,113,3,0.5,1.5,1.5,2,-1.0,1.0,noise,0.031131914453014775,0.8288252127233109,uncertain
1,0,114,3,0.5,1.5,1.5,2,-1.0,1.0,signal,1.8441667468729834,1.7295856667538416,signal
1,0,115,3,0.5,1.5,1.5,2,-1.0,1.0,noise,-0.38417787442905593,-0.23060715345425742,uncertain
1,0,116,3,0.5,1.5,1.5,2,-1.0,1.0,noise,-0.33475677489573136,-1.7109978632761669,uncertain
1,0,117,3,0.5,1.5,1.5,2,-1.0,1.0,signal,1.2108587194372893,-0.27507609637129526,signal
1,0,118,3,0.5,1.5,1.5,2,-1.0,1.0,noise,1.6188323374855442,-1.4153841682912955,signal
1,0,119,3,0.5,1.5,1.5,2,-1.0,1.0,noise,0.11410684462975584,-2.220925313909924,uncertain
1,0,120,3,0.5,1.5,1.5,2,-1.0,1.0,noise,-1.1851829230107098,-2.819976101969209,noise
2,0,1,1,0.5,1.5,1.5,4,-2.0,2.0,signal,1.4199627381585729,-0.8586066595711457,uncertain
2,0,2,1,0.5,1.5,1.5,4,-2.0,2.0,signal,0.5422069572502857,1.437435671290646,uncertain
2,0,3,1,0.5,1.5,1.5,4,-2.0,2.0,noise,-1.1239878618875834,0.3795438316063118,uncertain
2,0,4,1,0.5,1.5,1.5,4,-2.0,2.0,signal,0.43451013831565916,1.1960305764089512,uncertain
2,0,5,1,0.5,1.5,1.5,4,-2.0,2.0,noise,-0.5568796226815548,-1.3703824996975773,uncertain
2,0,6,1,0.5,1.5,1.5,4,-2.0,2.0,signal,1.9800557715661538,1.5479247062443315,uncertain
2,0,7,1,0.5,1.5,1.5,4,-2.0,2.0,signal,-0.6267356052906721,0.42721570562721745,uncertain
2,0,8,1,0.5,1.5,1.5,4,-2.0,2.0,noise,0.7172851855532372,-0.3992627277678204,uncertain
2,0,9,1,0.5,1.5,1.5,4,-2.0,2.0,noise,-0.7441801405806427,-0.21908332605858338,uncertain
2,0,10,1,0.5,1.5,1.5,4,-2.0,2.0,noise,-2.042237560403456,-2.140815278082331,noise
2,0,11,2,0.5,1.5,1.5,4,-2.0,2.0,noise,-1.2457474316826307,0.06899693295809384,uncertain
2,0,12,2,0.5,1.5,1.5,4,-2.0,2.0,signal,2.299007957183769,-0.6194374684080677,signal
2,0,13,2,0.5,1.5,1.5,4,-2.0,2.0,noise,-1.047398948746335,-1.181631839834037,uncertain
2,0,14,2,0.5,1.5,1.5,4,-2.0,2.0,noise,-2.0003729267620995,-0.6576383593213402,noise
2,0,15,2,0.5,1.5,1.5,4,-2.0,2.0,signal,0.7308778071496623,0.5321103769868327,uncertain
2,0,16,2,0.5,1.5,1.5,4,-2.0,2.0,signal,-0.49596503264408787,2.1238118100669,uncertain
2,0,17,2,0.5,1.5,1.5,4,-2.0,2.0,noise,0.1869943486243807,-2.2185493390714965,uncertain
2,0,18,2,0.5,1.5,1.5,4,-2.0,2.0,noise,0.35652495856668476,0.2388226052687792,uncertain
2,0,19,2,0.5,1.5,1.5,4,-2.0,2.0,signal,0.5469072499033129,0.5677837187239219,uncertain
2,0,20,2,0.5,1.5,1.5,4,-2.0,2.0,signal,0.6691720184073436,1.145731562630413,uncertain
2,0,21,3,0.5,1.5,1.5,4,-2.0,2.0,noise,-2.016775174702853,-1.0373890699381774,noise
2,0,22,3,0.5,1.5,1.5,4,-2.0,2.0,noise,0.5343130224952068,-1.4285679698713483,uncertain
2,0,23,3,0.5,1.5,1.5,4,-2.0,2.0,signal,2.4421651220969522,-0.18998988752872348,signal
2,0,24,3,0.5,1.5,1.5,4,-2.0,2.0,signal,0.010867265493902822,0.274302002306846,uncertain
2,0,25,3,0.5,1.5,1.5,4,-2.0,2.0,noise,-1.0158139059622393,-0.3570081127597194,uncertain
2,0,26,3,0.5,1.5,1.5,4,-2.0,2.0,signal,1.4186885599594339,0.8149148770374618,uncertain
2,0,27,3,0.5,1.5,1.5,4,-2.0,2.0,noise,-0.4451252343422798,-1.893482966651935,uncertain
2,0,28,3,0.5,1.5,1.5,4,-2.0,2.0,noise,-1.390956401235476,-2.482689562512453,uncertain
2,0,29,3,0.5,1.5,1.5,4,-2.0,2.0,noise,-0.6103638348149001,-1.820927103094434,uncertain
2,0,30,3,0.5,1.5,1.5,4,-2.0,2.0,noise,0.15235004000653818,-1.8510685223349874,uncertain
2,0,31,3,0.5,1.5,1.5,4,-2.0,2.0,signal,1.1363373737237557,-0.4769526204976624,uncertain
2,0,32,3,0.5,1.5,1.5,4,-2.0,2.0,signal,0.14008372433412353,0.7383427749267597,uncertain
2,0,33,3,0.5,1.5,1.5,4,-2.0,2.0,noise,0.8704756229467532,-1.0225906219757488,uncertain
2,0,34,3,0.5,1.5,1.5,4,-2.0,2.0,signal,1.9293673263838247,0.6752770897074004,uncertain
2,0,35,3,0.5,1.5,1.5,4,-2.0,2.0,signal,1.6737354461742409,-0.3034810558471561,uncertain
2,0,36,3,0.5,1.5,1.5,4,-2.0,2.0,signal,1.8437700222625435,-0.6108269353885607,uncertain
2,0,37,3,0.5,1.5,1.5,4,-2.0,2.0,signal,-0.03379127577662078,0.6799523167727196,uncertain
2,0,38,3,0.5,1.5,1.5,4,-2.0,2.0,noise,-0.40715986480472877,-1.804125166933964,uncertain
2,0,39,3,0.5,1.5,1.5,4,-2.0,2.0,noise,-1.7786938428138337,0.6835666952741764,uncertain
2,0,40,3,0.5,1.5,1.5,4,-2.0,2.0,signal,2.465690810808595,-0.06397108182011002,signal
2,0,41,3,0.5,1.5,1.5,4,-2.0,2.0,signal,1.0523760566010463,-2.485112303724945,uncertain
2,0,42,3,0.5,1.5,1.5,4,-2.0,2.0,noise,0.2902383969106941,-1.4151967450978797,uncertain
2,0,43,3,0.5,1.5,1.5,4,-2.0,2.0,noise,-0.6040589326882894,-1.5924244936660439,uncertain
2,0,44,3,0.5,1.5,1.5,4,-2.0,2.0,noise,-0.5092381535679903,0.9877300790431318,uncertain
2,0,45,3,0.5,1.5,1.5,4,-2.0,2.0,signal,-0.195128610788033,0.3362232124436655,uncertain
2,0,46,3,0.5,1.5,1.5,4,-2.0,2.0,signal,0.07020908175649931,0.857870327146112,uncertain
2,0,47,3,0.5,1.5,1.5,4,-2.0,2.0,signal,0.5391541468489407,0.913607179252651,uncertain
2,0,48,3,0.5,1.5,1.5,4,-2.0,2.0,noise,-0.08328675789406437,1.1292157890099899,uncertain
2,0,49,3,0.5,1.5,1.5,4,-2.0,2.0,noise,1.384913897480252,0.5257140163271512,uncertain
2,0,50,3,0.5,1.5,1.5,4,-2.0,2.0,noise,-0.9292450455879995,-2.300026146707796,uncertain
2,0,51,3,0.5,1.5,1.5,4,-2.0,2.0,noise,0.7126788150867236,-1.232787703789901,uncertain
2,0,52,3,0.5,1.5,1.5,4,-2.0,2.0,noise,-0.20813237656606542,-1.6602547020402136,uncertain
2,0,53,3,0.5,1.5,1.5,4,-2.0,2.0,noise,-0.16567650769018882,-1.2999510967656498,uncertain
2,0,54,3,0.5,1.5,1.5,4,-2.0,2.0,signal,-1.075269480759701,2.434980986697637,uncertain
2,0,55,3,0.5,1.5,1.5,4,-2.0,2.0,signal,1.9939910211369176,1.0673647000339297,uncertain
2,0,56,3,0.5,1.5,1.5,4,-2.0,2.0,signal,0.798661971408993,0.46781727822323776,uncertain
2,0,57,3,0.5,1.5,1.5,4,-2.0,2.0,noise,0.4578233606208506,-0.14738823301048176,uncertain
2,0,58,3,0.5,1.5,1.5,4,-2.0,2.0,signal,1.4007391064787833,2.100832357081338,uncertain
2,0,59,3,0.5,1.5,1.5,4,-2.0,2.0,signal,0.4627653668361292,-0.16894751757500437,uncertain
2,0,60,3,0.5,1.5,1.5,4,-2.0,2.0,signal,0.09959311410256477,2.3246178216275246,uncertain
2,0,61,3,0.5,1.5,1.5,4,-2.0,2.0,noise,0.6022290125279579,-0.398285871630957,uncertain
2,0,62,3,0.5,1.5,1.5,4,-2.0,2.0,noise,-1.1746655253232587,-1.9031941698681198,uncertain
2,0,63,3,0.5,1.5,1.5,4,-2.0,2.0,noise,-3.1197887856574966,-1.20039883654989,noise
2,0,64,3,0.5,1.5,1.5,4,-2.0,2.0,signal,-0.018282551283291593,1.1602831351912954,uncertain
2,0,65,3,0.5,1.5,1.5,4,-2.0,2.0,signal,0.6226354901748263,0.3003259888110041,uncertain
2,0,66,3,0.5,1.5,1.5,4,-2.0,2.0,signal,-1.5179754545748412,0.7289848830143335,uncertain
2,0,67,3,0.5,1.5,1.5,4,-2.0,2.0,noise,-0.7380364139653838,1.2782895807202523,uncertain
2,0,68,3,0.5,1.5,1.5,4,-2.0,2.0,noise,-2.1134241007974586,-1.5780387630737795,noise
2,0,69,3,0.5,1.5,1.5,4,-2.0,2.0,signal,0.36437406179603576,-0.06550670995084895,uncertain
2,0,70,3,0.5,1.5,1.5,4,-2.0,2.0,signal,-0.7136338769764459,1.0135488714538017,uncertain
2,0,71,3,0.5,1.5,1.5,4,-2.0,2.0,noise,-0.5470964516519146,-0.09908040568917731,uncertain
2,0,72,3,0.5,1.5,1.5,4,-2.0,2.0,signal,0.44609588655215593,3.3608233972950736,uncertain
2,0,73,3,0.5,1.5,1.5,4,-2.0,2.0,noise,-0.3104405170227806,0.536573822388799,uncertain
2,0,74,3,0.5,1.5,1.5,4,-2.0,2.0,noise,-0.2868002933384706,-0.9796438188391359,uncertain
2,0,75,3,0.5,1.5,1.5,4,-2.0,2.0,signal,2.3120237806720434,2.704626069159279,signal
2,0,76,3,0.5,1.5,1.5,4,-2.0,2.0,noise,-0.9686263331526282,-0.5197419536128788,uncertain
2,0,77,3,0.5,1.5,1.5,4,-2.0,2.0,noise,-1.7113932190380605,-1.2437257433081312,uncertain
2,0,78,3,0.5,1.5,1.5,4,-2.0,2.0,signal,0.3618769857941835,1.5170857025114333,uncertain
2,0,79,3,0.5,1.5,1.5,4,-2.0,2.0,noise,0.5004027792998831,-0.16291444568672975,uncertain
2,0,80,3,0.5,1.5,1.5,4,-2.0,2.0,signal,2.8562096570148543,1.6381844601448474,signal
2,0,81,3,0.5,1.5,1.5,4,-2.0,2.0,noise,-0.13715905867779066,-0.1494729685538445,uncertain
2,0,82,3,0.5,1.5,1.5,4,-2.0,2.0,noise,-1.2243104952075758,-0.5272306012183308,uncertain
2,0,83,3,0.5,1.5,1.5,4,-2.0,2.0,signal,1.0865470930478858,1.5874460506457844,uncertain
2,0,84,3,0.5,1.5,1.5,4,-2.0,2.0,signal,0.8058614083707522,0.9157233862691218,uncertain
2,0,85,3,0.5,1.5,1.5,4,-2.0,2.0,signal,1.526948766857691,1.1947021912166045,uncertain
2,0,86,3,0.5,1.5,1.5,4,-2.0,2.0,signal,-0.810103424946067,0.8729470359262805,uncertain
2,0,87,3,0.5,1.5,1.5,4,-2.0,2.0,signal,-0.03435294197151617,-0.03671088383705867,uncertain
2,0,88,3,0.5,1.5,1.5,4,-2.0,2.0,noise,-2.28989119970659,-1.6369771655918797,noise
2,0,89,3,0.5,1.5,1.5,4,-2.0,2.0,noise,-1.9797492442176388,0.1337889537542819,uncertain
2,0,90,3,0.5,1.5,1.5,4,-2.0,2.0,noise,-0.6295032494321826,-1.3261124293042266,uncertain
2,0,91,3,0.5,1.5,1.5,4,-2.0,2.0,noise,-1.3530299583231309,-0.6930826751039239,uncertain
2,0,92,3,0.5,1.5,1.5,4,-2.0,2.0,signal,0.1304001597066592,0.5815171371521876,uncertain
2,0,93,3,0.5,1.5,1.5,4,-2.0,2.0,signal,-1.1398719725781756,1.2260655251089034,uncertain
2,0,94,3,0.5,1.5,1.5,4,-2.0,2.0,noise,-1.0933046944484333,-0.7934047227161654,uncertain
2,0,95,3,0.5,1.5,1.5,4,-2.0,2.0,signal,0.9076461989620542,1.336508609925601,uncertain
2,0,96,3,0.5,1.5,1.5,4,-2.0,2.0,signal,0.936500246974372,-0.0648989899302671,uncertain
2,0,97,3,0.5,1.5,1.5,4,-2.0,2.0,signal,0.25777160030729035,1.4737957759069318,uncertain
2,0,98,3,0.5,1.5,1.5,4,-2.0,2.0,noise,-1.3856113283235323,-1.4883396907735231,uncertain
2,0,99,3,0.5,1.5,1.5,4,-2.0,2.0,noise,-2.100967913896844,-0.1118489905723763,noise
2,0,100,3,0.5,1.5,1.5,4,-2.0,2.0,signal,0.9215578757323317,0.7533101386830057,uncertain
2,0,101,3,0.5,1.5,1.5,4,-2.0,2.0,noise,0.20129686748618836,0.5666333151806351,uncertain
2,0,102,3,0.5,1.5,1.5,4,-2.0,2.0,signal,0.939577354085109,0.6565195664226589,uncertain
2,0,103,3,0.5,1.5,1.5,4,-2.0,2.0,signal,1.097731596809944,0.5004685157915352,uncertain
2,0,104,3,0.5,1.5,1.5,4,-2.0,2.0,signal,2.3217958414061868,0.11474458542498833,signal
2,0,105,3,0.5,1.5,1.5,4,-2.0,2.0,signal,0.6337800706587216,-0.45599870666000086,uncertain
2,0,106,3,0.5,1.5,1.5,4,-2.0,2.0,signal,1.0436272651320895,0.021809089014963257,uncertain
2,0,107,3,0.5,1.5,1.5,4,-2.0,2.0,signal,1.613453885566471,-0.05046629147981829,uncertain
2,0,108,3,0.5,1.5,1.5,4,-2.0,2.0,noise,0.196016937111259,0.2667073796605306,uncertain
2,0,109,3,0.5,1.5,1.5,4,-2.0,2.0,noise,-1.4882858050775027,-0.9993858587171136,uncertain
2,0,110,3,0.5,1.5,1.5,4,-2.0,2.0,noise,0.1653744916420169,-1.6613651131740776,uncertain
2,0,111,3,0.5,1.5,1.5,4,-2.0,2.0,signal,0.02624535071440337,2.2293025050174844,uncertain
2,0,112,3,0.5,1.5,1.5,4,-2.0,2.0,noise,-0.3872881377175558,1.1402436140855405,uncertain
2,0,113,3,0.5,1.5,1.5,4,-2.0,2.0,noise,-2.3079523819344034,-0.39395332155388985,noise
2,0,114,3,0.5,1.5,1.5,4,-2.0,2.0,noise,-2.4761492989493723,-1.165187945848292,noise
2,0,115,3,0.5,1.5,1.5,4,-2.0,2.0,signal,1.6694102916107307,-0.14353642894655672,uncertain
2,0,116,3,0.5,1.5,1.5,4,-2.0,2.0,signal,-0.6422332150799257,1.8033659808093863,uncertain
2,0,117,3,0.5,1.5,1.5,4,-2.0,2.0,signal,1.3203764203805761,1.2382078890329262,uncertain
2,0,118,3,0.5,1.5,1.5,4,-2.0,2.0,noise,-1.2833528087975932,0.39517701460581756,uncertain
2,0,119,3,0.5,1.5,1.5,4,-2.0,2.0,noise,-0.4047155628882447,-2.564332665825393,uncertain
2,0,120,3,0.5,1.5,1.5,4,-2.0,2.0,noise,-1.8920444333975703,-0.20204388568774567,uncertain
3,0,1,1,0.5,1.5,2.5,2,-1.0,1.0,signal,0.9498763611571961,-0.02283225582439452,uncertain
3,0,2,1,0.5,1.5,2.5,2,-1.0,1.0,noise,0.5171857146338992,0.45516344665756137,uncertain
3,0,3,1,0.5,1.5,2.5,2,-1.0,1.0,noise,-2.076938825180852,-1.2956536777504173,noise
3,0,4,1,0.5,1.5,2.5,2,-1.0,1.0,noise,-0.6047687530052277,-1.4661324499895345,uncertain
3,0,5,1,0.5,1.5,2.5,2,-1.0,1.0,signal,-0.40430886630565754,2.1794924482735842,uncertain
3,0,6,1,0.5,1.5,2.5,2,-1.0,1.0,noise,-1.3444311688772013,-1.9404549951733294,noise
3,0,7,1,0.5,1.5,2.5,2,-1.0,1.0,noise,-0.24104696757061828,-2.0029223237442797,uncertain
3,0,8,1,0.5,1.5,2.5,2,-1.0,1.0,signal,-0.12460448311048844,1.078941343389973,uncertain
3,0,9,1,0.5,1.5,2.5,2,-1.0,1.0,signal,1.9727386486716918,2.3301141375137266,signal
3,0,10,1,0.5,1.5,2.5,2,-1.0,1.0,signal,1.356298339587258,0.6842843266471101,signal
3,0,11,2,0.5,1.5,2.5,2,-1.0,1.0,noise,0.2641230853932244,-0.8014867048627878,uncertain
3,0,12,2,0.5,1.5,2.5,2,-1.0,1.0,noise,-1.3942047200659302,-1.243382543328456,noise
3,0,13,2,0.5,1.5,2.5,2,-1.0,1.0,noise,0.2110772480416363,-1.8968627553388253,uncertain
3,0,14,2,0.5,1.5,2.5,2,-1.0,1.0,signal,-0.1960990667168906,-0.2662168178793993,uncertain
3,0,15,2,0.5,1.5,2.5,2,-1.0,1.0,noise,-2.026689473925745,0.14239599149126492,noise
3,0,16,2,0.5,1.5,2.5,2,-1.0,1.0,signal,1.0425207752823504,1.7386378065159245,signal
3,0,17,2,0.5,1.5,2.5,2,-1.0,1.0,signal,1.407371554592203,2.34253813654443,signal
3,0,18,2,0.5,1.5,2.5,2,-1.0,1.0,signal,1.8854651395335924,0.8524380963911853,signal
3,0,19,2,0.5,1.5,2.5,2,-1.0,1.0,signal,-0.38925840269125556,1.5826027784278605,uncertain
3,0,20,2,0.5,1.5,2.5,2,-1.0,1.0,noise,-0.804306139443185,-2.450663987961195,uncertain
3,0,21,3,0.5,1.5,2.5,2,-1.0,1.0,signal,0.4638742102326291,1.2536774332772644,uncertain
3,0,22,3,0.5,1.5,2.5,2,-1.0,1.0,signal,1.633615010465435,1.372883459959347,signal
3,0,23,3,0.5,1.5,2.5,2,-1.0,1.0,noise,0.37191653106321954,-1.8398225358097777,uncertain
3,0,24,3,0.5,1.5,2.5,2,-1.0,1.0,signal,0.07024284076563259,3.0030212598216144,uncertain
3,0,25,3,0.5,1.5,2.5,2,-1.0,1.0,noise,-0.040667952512786876,-1.929086502396994,uncertain
3,0,26,3,0.5,1.5,2.5,2,-1.0,1.0,noise,-0.18849168743672995,-0.1449115508504628,uncertain
3,0,27,3,0.5,1.5,2.5,2,-1.0,1.0,signal,-0.35689878668625585,-0.11013340664849713,uncertain
3,0,28,3,0.5,1.5,2.5,2,-1.0,1.0,signal,-0.4398280686643157,2.6324258824205202,uncertain
3,0,29,3,0.5,1.5,2.5,2,-1.0,1.0,signal,-0.1346817532760307,2.77724723669876,uncertain
3,0,30,3,0.5,1.5,2.5,2,-1.0,1.0,noise,-2.9371037646548013,-2.701243884823238,noise
3,0,31,3,0.5,1.5,2.5,2,-1.0,1.0,noise,-0.8640776977452016,-2.50069726935328,uncertain
3,0,32,3,0.5,1.5,2.5,2,-1.0,1.0,signal,1.287023553156498,1.4343756183547849,signal
3,0,33,3,0.5,1.5,2.5,2,-1.0,1.0,signal,1.8315864733248322,1.7459018810169342,signal
3,0,34,3,0.5,1.5,2.5,2,-1.0,1.0,signal,2.3307020214584178,2.1543714382626127,signal
3,0,35,3,0.5,1.5,2.5,2,-1.0,1.0,noise,-0.9838216027447044,-1.1025359907898808,uncertain
3,0,36,3,0.5,1.5,2.5,2,-1.0,1.0,noise,-1.6387789853299373,-1.5337543911937468,noise
3,0,37,3,0.5,1.5,2.5,2,-1.0,1.0,noise,-1.6682434174164045,-2.2157414553735215,noise
3,0,38,3,0.5,1.5,2.5,2,-1.0,1.0,signal,0.29483692941192824,1.747940897941186,uncertain
3,0,39,3,0.5,1.5,2.5,2,-1.0,1.0,noise,-0.549704164248211,-0.8114827838609584,uncertain
3,0,40,3,0.5,1.5,2.5,2,-1.0,1.0,signal,1.2801825237963067,1.977083817766803,signal
3,0,41,3,0.5,1.5,2.5,2,-1.0,1.0,signal,0.21003454834076185,1.0266552049381763,uncertain
3,0,42,3,0.5,1.5,2.5,2,-1.0,1.0,noise,-1.6668520777105564,-1.5910737206098033,noise
3,0,43,3,0.5,1.5,2.5,2,-1.0,1.0,noise,-1.4421113705981252,-1.030893012340685,noise
3,0,44,3,0.5,1.5,2.5,2,-1.0,1.0,signal,0.14921275408068857,0.7597224567008806,uncertain
3,0,45,3,0.5,1.5,2.5,2,-1.0,1.0,signal,2.2744669938162865,0.24114608137153448,signal
3,0,46,3,0.5,1.5,2.5,2,-1.0,1.0,noise,-1.7456613950565902,-2.4924908716019654,noise
3,0,47,3,0.5,1.5,2.5,2,-1.0,1.0,noise,-1.1355462456773628,-1.5258157980601244,noise
3,0,48,3,0.5,1.5,2.5,2,-1.0,1.0,noise,0.3731312052068618,-0.8537938822537022,uncertain
3,0,49,3,0.5,1.5,2.5,2,-1.0,1.0,signal,0.8087748488937079,2.6335448354398423,uncertain
3,0,50,3,0.5,1.5,2.5,2,-1.0,1.0,signal,0.6865397362057994,0.4801982460884434,uncertain
3,0,51,3,0.5,1.5,2.5,2,-1.0,1.0,signal,0.6204188169257187,0.07430473422577832,uncertain
3,0,52,3,0.5,1.5,2.5,2,-1.0,1.0,noise,-0.0389080064551075,-1.5127645457835215,uncertain
3,0,53,3,0.5,1.5,2.5,2,-1.0,1.0,signal,-0.1263340703062512,1.1397588752678915,uncertain
3,0,54,3,0.5,1.5,2.5,2,-1.0,1.0,noise,-1.1886111314227377,-2.141915522160448,noise
3,0,55,3,0.5,1.5,2.5,2,-1.0,1.0,noise,-0.9433495034990242,-0.8324621464250295,uncertain
3,0,56,3,0.5,1.5,2.5,2,-1.0,1.0,signal,2.0145854873523805,2.126404470215033,signal
3,0,57,3,0.5,1.5,2.5,2,-1.0,1.0,noise,-1.634849198938328,-0.6736850805614328,noise
3,0,58,3,0.5,1.5,2.5,2,-1.0,1.0,signal,1.2399087726473716,1.8022532206408894,signal
3,0,59,3,0.5,1.5,2.5,2,-1.0,1.0,signal,-0.06732396963253773,2.7766533095746393,uncertain
3,0,60,3,0.5,1.5,2.5,2,-1.0,1.0,noise,0.27618574215231706,-0.003821301482515027,uncertain
3,0,61,3,0.5,1.5,2.5,2,-1.0,1.0,noise,-1.145247831605733,-2.16352688665018,noise
3,0,62,3,0.5,1.5,2.5,2,-1.0,1.0,signal,0.6627770355267183,2.337103491868203,uncertain
3,0,63,3,0.5,1.5,2.5,2,-1.0,1.0,noise,0.4398774408122299,0.48514770591778467,uncertain
3,0,64,3,0.5,1.5,2.5,2,-1.0,1.0,signal,1.1312923388111478,-1.257347567598956,signal
3,0,65,3,0.5,1.5,2.5,2,-1.0,1.0,signal,1.3928565643079562,-0.0992507356518395,signal
3,0,66,3,0.5,1.5,2.5,2,-1.0,1.0,signal,-0.10217930911918938,1.9946159246583999,uncertain
3,0,67,3,0.5,1.5,2.5,2,-1.0,1.0,signal,1.5440563402809802,0.6198418954767692,signal
3,0,68,3,0.5,1.5,2.5,2,-1.0,1.0,noise,-1.0353793599831382,-1.4582629755681047,noise
3,0,69,3,0.5,1.5,2.5,2,-1.0,1.0,noise,0.005532491265842765,0.18885489012887713,uncertain
3,0,70,3,0.5,1.5,2.5,2,-1.0,1.0,noise,0.11191971159866465,-1.5513400685250922,uncertain
3,0,71,3,0.5,1.5,2.5,2,-1.0,1.0,noise,-0.9907974611582255,-0.390656249869757,uncertain
3,0,72,3,0.5,1.5,2.5,2,-1.0,1.0,signal,0.17505186524167815,0.343532736807711,uncertain
3,0,73,3,0.5,1.5,2.5,2,-1.0,1.0,signal,1.0208579264017519,0.42462064770557284,signal
3,0,74,3,0.5,1.5,2.5,2,-1.0,1.0,noise,-0.734155068361585,-1.2698425243362967,uncertain
3,0,75,3,0.5,1.5,2.5,2,-1.0,1.0,noise,-1.1900616926443957,-1.9083914335440455,noise
3,0,76,3,0.5,1.5,2.5,2,-1.0,1.0,signal,2.330248118379247,2.5778594193731257,signal
3,0,77,3,0.5,1.5,2.5,2,-1.0,1.0,noise,-0.190635366417376,0.6527128038790335,uncertain
3,0,78,3,0.5,1.5,2.5,2,-1.0,1.0,signal,-0.7271447350423008,-0.1726792026108337,uncertain
3,0,79,3,0.5,1.5,2.5,2,-1.0,1.0,signal,1.252268786465407,0.5253299047055509,signal
3,0,80,3,0.5,1.5,2.5,2,-1.0,1.0,noise,-1.7880144065478139,-1.550640317092176,noise
3,0,81,3,0.5,1.5,2.5,2,-1.0,1.0,noise,-1.6515550153432295,-0.8081794030978315,noise
3,0,82,3,0.5,1.5,2.5,2,-1.0,1.0,signal,2.1822507760232464,-0.22295393594035984,signal
3,0,83,3,0.5,1.5,2.5,2,-1.0,1.0,noise,-1.4245291908837119,-3.1498566964609287,noise
3,0,84,3,0.5,1.5,2.5,2,-1.0,1.0,signal,0.2033534626446616,1.2570702729185543,uncertain
3,0,85,3,0.5,1.5,2.5,2,-1.0,1.0,noise,-2.2924303236268107,-2.045689276449999,noise
3,0,86,3,0.5,1.5,2.5,2,-1.0,1.0,noise,-2.1067057194133447,-0.1669840113573815,noise
3,0,87,3,0.5,1.5,2.5,2,-1.0,1.0,signal,1.2579613831007723,1.2927931705764737,signal
3,0,88,3,0.5,1.5,2.5,2,-1.0,1.0,noise,-0.92549845139579,0.8500862201019763,uncertain
3,0,89,3,0.5,1.5,2.5,2,-1.0,1.0,noise,1.4218059060123478,-2.8793390499125207,signal
3,0,90,3,0.5,1.5,2.5,2,-1.0,1.0,signal,0.8411283571264748,0.6276644295070424,uncertain
3,0,91,3,0.5,1.5,2.5,2,-1.0,1.0,noise,-0.46672810552607724,0.270082999388644,uncertain
3,0,92,3,0.5,1.5,2.5,2,-1.0,1.0,signal,0.10607065873560795,2.370126916032936,uncertain
3,0,93,3,0.5,1.5,2.5,2,-1.0,1.0,noise,-1.97478981936902,-1.9053509071199692,noise
3,0,94,3,0.5,1.5,2.5,2,-1.0,1.0,noise,1.4452009765268161,-1.0293834053934932,signal
3,0,95,3,0.5,1.5,2.5,2,-1.0,1.0,noise,-1.695356828115429,-1.8712909465021128,noise
3,0,96,3,0.5,1.5,2.5,2,-1.0,1.0,signal,0.24031458352948765,3.159128166467971,uncertain
3,0,97,3,0.5,1.5,2.5,2,-1.0,1.0,signal,1.9699567817922563,0.6962759149331716,signal
3,0,98,3,0.5,1.5,2.5,2,-1.0,1.0,noise,-1.6791773604660032,-0.3331017444571579,noise
3,0,99,3,0.5,1.5,2.5,2,-1.0,1.0,noise,-0.5204741671894726,-0.3687300909307485,uncertain
3,0,100,3,0.5,1.5,2.5,2,-1.0,1.0,signal,2.1284039346563324,0.21020624663966925,signal
3,0,101,3,0.5,1.5,2.5,2,-1.0,1.0,noise,-0.1668081800768737,0.47844684183051034,uncertain
3,0,102,3,0.5,1.5,2.5,2,-1.0,1.0,noise,0.7984077324881034,-2.205574427281511,uncertain
3,0,103,3,0.5,1.5,2.5,2,-1.0,1.0,signal,0.3521586042305693,1.6779683927593223,uncertain
3,0,104,3,0.5,1.5,2.5,2,-1.0,1.0,noise,-1.108607834712463,-0.5300187503907834,noise
3,0,105,3,0.5,1.5,2.5,2,-1.0,1.0,noise,0.43247859757836404,-3.189541143993594,uncertain
3,0,106,3,0.5,1.5,2.5,2,-1.0,1.0,noise,-1.2668698515999268,-1.1191899803494496,noise
3,0,107,3,0.5,1.5,2.5,2,-1.0,1.0,noise,-1.8148529254601429,-1.4921979286787204,noise
3,0,108,3,0.5,1.5,2.5,2,-1.0,1.0,signal,0.6869776928312711,0.358311212148974,uncertain
3,0,109,3,0.5,1.5,2.5,2,-1.0,1.0,signal,1.4216975249754769,1.7115906989215324,signal
3,0,110,3,0.5,1.5,2.5,2,-1.0,1.0,signal,-0.38867738790196005,0.25538887708979796,uncertain
3,0,111,3,0.5,1.5,2.5,2,-1.0,1.0,signal,0.5901745728283547,0.8094993720793783,uncertain
3,0,112,3,0.5,1.5,2.5,2,-1.0,1.0,signal,-0.554187718189429,0.909747179126005,uncertain
3,0,113,3,0.5,1.5,2.5,2,-1.0,1.0,noise,0.45275260535403006,-1.9449966380546408,uncertain
3,0,114,3,0.5,1.5,2.5,2,-1.0,1.0,signal,0.6601648317785394,1.4094455564701611,uncertain
3,0,115,3,0.5,1.5,2.5,2,-1.0,1.0,signal,2.555310696406661,0.8466558529178041,signal
3,0,116,3,0.5,1.5,2.5,2,-1.0,1.0,noise,0.9762299260428033,-1.1624899740257768,uncertain
3,0,117,3,0.5,1.5,2.5,2,-1.0,1.0,noise,0.23001429524157513,-1.4927643854734671,uncertain
3,0,118,3,0.5,1.5,2.5,2,-1.0,1.0,signal,0.48025359394546974,1.193448456792912,uncertain
3,0,119,3,0.5,1.5,2.5,2,-1.0,1.0,signal,0.8170257225737191,1.0395929542470284,uncertain
3,0,120,3,0.5,1.5,2.5,2,-1.0,1.0,signal,-2.8013618746499143,2.554976798243474,noise
4,0,1,1,0.5,1.5,2.5,4,-2.0,2.0,noise,-1.2780488348698813,-2.1339450502691957,uncertain
4,0,2,1,0.5,1.5,2.5,4,-2.0,2.0,signal,1.5394535409205568,1.5019915110576367,uncertain
4,0,3,1,0.5,1.5,2.5,4,-2.0,2.0,noise,-2.208253246232019,-0.08098188946317864,noise
4,0,4,1,0.5,1.5,2.5,4,-2.0,2.0,noise,0.1652950585233306,-2.306868175142856,uncertain
4,0,5,1,0.5,1.5,2.5,4,-2.0,2.0,signal,1.0078883963047682,-0.38154353294868293,uncertain
4,0,6,1,0.5,1.5,2.5,4,-2.0,2.0,signal,-0.5731659230638861,1.2335718391289214,uncertain
4,0,7,1,0.5,1.5,2.5,4,-2.0,2.0,noise,-0.5172908351595935,-1.3316672060118369,uncertain
4,0,8,1,0.5,1.5,2.5,4,-2.0,2.0,signal,0.01571672056339679,2.3352340446239275,uncertain
4,0,9,1,0.5,1.5,2.5,4,-2.0,2.0,noise,0.08829785773816368,-0.3965376791129326,uncertain
4,0,10,1,0.5,1.5,2.5,4,-2.0,2.0,signal,1.7601072652751641,1.5607461381381962,uncertain
4,0,11,2,0.5,1.5,2.5,4,-2.0,2.0,noise,-0.7852384316468439,-0.7251614057442111,uncertain
4,0,12,2,0.5,1.5,2.5,4,-2.0,2.0,signal,0.42955298096477906,0.024658869401215977,uncertain
4,0,13,2,0.5,1.5,2.5,4,-2.0,2.0,noise,0.31624458864859184,-1.4143708857417183,uncertain
4,0,14,2,0.5,1.5,2.5,4,-2.0,2.0,signal,0.6775636377082797,1.8274411986762487,uncertain
4,0,15,2,0.5,1.5,2.5,4,-2.0,2.0,signal,-0.04840265099624552,0.4415663932020343,uncertain
4,0,16,2,0.5,1.5,2.5,4,-2.0,2.0,signal,2.4737030063410588,2.4530784406912325,signal
4,0,17,2,0.5,1.5,2.5,4,-2.0,2.0,noise,-0.7350129883171135,-2.040896534057362,uncertain
4,0,18,2,0.5,1.5,2.5,4,-2.0,2.0,noise,-2.3487765955727786,-2.2553131058420997,noise
4,0,19,2,0.5,1.5,2.5,4,-2.0,2.0,signal,0.21758302598212786,1.5032550980292712,uncertain
4,0,20,2,0.5,1.5,2.5,4,-2.0,2.0,noise,-0.19721657311185636,0.1857419313853914,uncertain
4,0,21,3,0.5,1.5,2.5,4,-2.0,2.0,noise,-1.2671762426352644,0.3034953386272665,uncertain
4,0,22,3,0.5,1.5,2.5,4,-2.0,2.0,noise,0.20753970170880098,-2.7894855651982144,uncertain
4,0,23,3,0.5,1.5,2.5,4,-2.0,2.0,signal,-0.02537799729572776,3.1896896769770136,uncertain
4,0,24,3,0.5,1.5,2.5,4,-2.0,2.0,signal,0.2755569412000054,1.8614000827649853,uncertain
4,0,25,3,0.5,1.5,2.5,4,-2.0,2.0,signal,0.08180054012330384,1.1405148002947327,uncertain
4,0,26,3,0.5,1.5,2.5,4,-2.0,2.0,noise,0.05917822953500085,-0.7597863371986097,uncertain
4,0,27,3,0.5,1.5,2.5,4,-2.0,2.0,noise,-0.6079142466940358,-0.9627815684627267,uncertain
4,0,28,3,0.5,1.5,2.5,4,-2.0,2.0,signal,1.130487312251723,1.9248571920110338,uncertain
4,0,29,3,0.5,1.5,2.5,4,-2.0,2.0,signal,0.3585899877154122,1.179526213558465,uncertain
4,0,30,3,0.5,1.5,2.5,4,-2.0,2.0,signal,0.3022573649656665,0.5870965928941201,uncertain
4,0,31,3,0.5,1.5,2.5,4,-2.0,2.0,signal,-0.10210461040420471,1.9100868972815248,uncertain
4,0,32,3,0.5,1.5,2.5,4,-2.0,2.0,noise,-1.6617750679064578,-1.73889121412708,uncertain
4,0,33,3,0.5,1.5,2.5,4,-2.0,2.0,noise,-2.144340042192555,-1.173545792756693,noise
4,0,34,3,0.5,1.5,2.5,4,-2.0,2.0,signal,-0.012257336957082643,1.0263413930633811,uncertain
4,0,35,3,0.5,1.5,2.5,4,-2.0,2.0,noise,0.5748654171422141,-1.071831394689498,uncertain
4,0,36,3,0.5,1.5,2.5,4,-2.0,2.0,signal,0.520484713830814,-1.5798578954390767,uncertain
4,0,37,3,0.5,1.5,2.5,4,-2.0,2.0,noise,-2.710992891929349,-1.1704935886059724,noise
4,0,38,3,0.5,1.5,2.5,4,-2.0,2.0,signal,1.1715786780445478,1.2433436531124455,uncertain
4,0,39,3,0.5,1.5,2.5,4,-2.0,2.0,signal,-1.031333440405811,1.9865041427230574,uncertain
4,0,40,3,0.5,1.5,2.5,4,-2.0,2.0,signal,1.134078096061407,0.7063761421607767,uncertain
4,0,41,3,0.5,1.5,2.5,4,-2.0,2.0,noise,-0.627940341295173,-2.1713860231590996,uncertain
4,0,42,3,0.5,1.5,2.5,4,-2.0,2.0,noise,-0.890392470488697,-0.261965626339166,uncertain
4,0,43,3,0.5,1.5,2.5,4,-2.0,2.0,noise,-0.7867936969466965,-0.8921569124092119,uncertain
4,0,44,3,0.5,1.5,2.5,4,-2.0,2.0,noise,0.7578321808814421,-1.752774292843898,uncertain
4,0,45,3,0.5,1.5,2.5,4,-2.0,2.0,signal,2.0501787761599752,0.5873218575047138,signal
4,0,46,3,0.5,1.5,2.5,4,-2.0,2.0,noise,-1.2841898803161713,-0.7029924036421076,uncertain
4,0,47,3,0.5,1.5,2.5,4,-2.0,2.0,signal,-1.1705425203065523,1.2950141762325418,uncertain
4,0,48,3,0.5,1.5,2.5,4,-2.0,2.0,signal,0.7991532187806293,1.6568419857419625,uncertain
4,0,49,3,0.5,1.5,2.5,4,-2.0,2.0,noise,1.3943258248419967,-0.5324484462990797,uncertain
4,0,50,3,0.5,1.5,2.5,4,-2.0,2.0,signal,1.6656402702299007,0.04724887510802134,uncertain
4,0,51,3,0.5,1.5,2.5,4,-2.0,2.0,noise,0.24121420835708818,-1.2629010711274409,uncertain
4,0,52,3,0.5,1.5,2.5,4,-2.0,2.0,noise,-2.9125141195779545,0.012643886299487095,noise
4,0,53,3,0.5,1.5,2.5,4,-2.0,2.0,noise,-1.3022441619405423,-2.4510536972814294,uncertain
4,0,54,3,0.5,1.5,2.5,4,-2.0,2.0,signal,2.903006363563214,2.039209117784029,signal
4,0,55,3,0.5,1.5,2.5,4,-2.0,2.0,noise,-0.49129735843574107,-1.9423964224203263,uncertain
4,0,56,3,0.5,1.5,2.5,4,-2.0,2.0,noise,-0.4859471315981633,-1.1729076419546074,uncertain
4,0,57,3,0.5,1.5,2.5,4,-2.0,2.0,noise,0.06762221149369607,-1.1327752358607888,uncertain
4,0,58,3,0.5,1.5,2.5,4,-2.0,2.0,signal,2.232052171753249,-0.240896861322073,signal
4,0,59,3,0.5,1.5,2.5,4,-2.0,2.0,noise,-0.30161439424780784,-1.7247736504711586,uncertain
4,0,60,3,0.5,1.5,2.5,4,-2.0,2.0,signal,0.6196998379873212,0.8665715159290941,uncertain
4,0,61,3,0.5,1.5,2.5,4,-2.0,2.0,signal,1.8329992196987537,0.9195516970868758,uncertain
4,0,62,3,0.5,1.5,2.5,4,-2.0,2.0,signal,-0.4634946637897146,3.290354089303108,uncertain
4,0,63,3,0.5,1.5,2.5,4,-2.0,2.0,noise,1.7480134544908905,-1.0357638552567128,uncertain
4,0,64,3,0.5,1.5,2.5,4,-2.0,2.0,signal,0.2768026754227462,2.2687301092851344,uncertain
4,0,65,3,0.5,1.5,2.5,4,-2.0,2.0,signal,-0.15811924429445412,1.0869714828789776,uncertain
4,0,66,3,0.5,1.5,2.5,4,-2.0,2.0,signal,-0.0068749289205629616,1.1268305683340272,uncertain
4,0,67,3,0.5,1.5,2.5,4,-2.0,2.0,signal,-0.7428609298482909,0.3595076134383405,uncertain
4,0,68,3,0.5,1.5,2.5,4,-2.0,2.0,noise,-0.7821699672426573,-2.1300355997939957,uncertain
4,0,69,3,0.5,1.5,2.5,4,-2.0,2.0,signal,1.1825027384898252,3.1977668093090763,uncertain
4,0,70,3,0.5,1.5,2.5,4,-2.0,2.0,noise,-1.0516514366573104,-1.7293608280853539,uncertain
4,0,71,3,0.5,1.5,2.5,4,-2.0,2.0,signal,0.9243644200496799,1.3838256697360705,uncertain
4,0,72,3,0.5,1.5,2.5,4,-2.0,2.0,signal,1.4557979885775452,1.457538513917228,uncertain
4,0,73,3,0.5,1.5,2.5,4,-2.0,2.0,noise,-0.7833600528920968,0.1688012285995062,uncertain
4,0,74,3,0.5,1.5,2.5,4,-2.0,2.0,noise,0.019325571322589274,0.42397379600032425,uncertain
4,0,75,3,0.5,1.5,2.5,4,-2.0,2.0,noise,-1.3374082048378328,-1.84331485324431,uncertain
4,0,76,3,0.5,1.5,2.5,4,-2.0,2.0,noise,-2.0387177225164357,0.16581307805060153,noise
4,0,77,3,0.5,1.5,2.5,4,-2.0,2.0,signal,0.7441524683229019,0.9243827408388203,uncertain
4,0,78,3,0.5,1.5,2.5,4,-2.0,2.0,noise,-1.4713209513508296,-0.9207722136114177,uncertain
4,0,79,3,0.5,1.5,2.5,4,-2.0,2.0,noise,-1.914269011170389,-0.9634211775315824,uncertain
4,0,80,3,0.5,1.5,2.5,4,-2.0,2.0,signal,-0.012343383946501585,1.981285803936644,uncertain
4,0,81,3,0.5,1.5,2.5,4,-2.0,2.0,signal,-0.2199957401122371,0.9602620567655278,uncertain
4,0,82,3,0.5,1.5,2.5,4,-2.0,2.0,signal,1.4040963209024682,0.5024380360161558,uncertain
4,0,83,3,0.5,1.5,2.5,4,-2.0,2.0,noise,0.0527641023875739,-1.9141799266546702,uncertain
4,0,84,3,0.5,1.5,2.5,4,-2.0,2.0,noise,-1.4836905276509118,0.8293136266921937,uncertain
4,0,85,3,0.5,1.5,2.5,4,-2.0,2.0,signal,2.16368165136121,1.2195613500886877,signal
4,0,86,3,0.5,1.5,2.5,4,-2.0,2.0,signal,-0.5863486639286286,1.5356894059396147,uncertain
4,0,87,3,0.5,1.5,2.5,4,-2.0,2.0,signal,0.7961344740630288,1.9520520653873876,uncertain
4,0,88,3,0.5,1.5,2.5,4,-2.0,2.0,signal,0.08568915147959266,2.1580310420248487,uncertain
4,0,89,3,0.5,1.5,2.5,4,-2.0,2.0,signal,-0.8557958216533603,1.249588057894199,uncertain
4,0,90,3,0.5,1.5,2.5,4,-2.0,2.0,signal,0.6506034048001704,1.2725363066992852,uncertain
4,0,91,3,0.5,1.5,2.5,4,-2.0,2.0,signal,1.634810289869658,0.6893689667048922,uncertain
4,0,92,3,0.5,1.5,2.5,4,-2.0,2.0,signal,2.0794305478759414,1.48594060488181,signal
4,0,93,3,0.5,1.5,2.5,4,-2.0,2.0,noise,-1.6416120140611195,-0.2054907640643604,uncertain
4,0,94,3,0.5,1.5,2.5,4,-2.0,2.0,noise,-1.3257894657229117,-1.850024926371739,uncertain
4,0,95,3,0.5,1.5,2.5,4,-2.0,2.0,noise,-0.4060623179860819,-1.3928091827063105,uncertain
4,0,96,3,0.5,1.5,2.5,4,-2.0,2.0,noise,-0.2919864481053297,-1.019395150437753,uncertain
4,0,97,3,0.5,1.5,2.5,4,-2.0,2.0,noise,-2.4437657284183576,-2.5834492247908694,noise
4,0,98,3,0.5,1.5,2.5,4,-2.0,2.0,signal,0.4104197163880605,1.4328978773015977,uncertain
4,0,99,3,0.5,1.5,2.5,4,-2.0,2.0,noise,-0.5072135000951015,0.9830620819311973,uncertain
4,0,100,3,0.5,1.5,2.5,4,-2.0,2.0,signal,1.3954528887371616,3.5914273812931343,uncertain
4,0,101,3,0.5,1.5,2.5,4,-2.0,2.0,signal,2.9822930789537883,0.5049031711159429,signal
4,0,102,3,0.5,1.5,2.5,4,-2.0,2.0,noise,-0.7714128372030405,-1.7912298246843759,uncertain
4,0,103,3,0.5,1.5,2.5,4,-2.0,2.0,noise,-0.5463296114480903,-3.072724852310733,uncertain
4,0,104,3,0.5,1.5,2.5,4,-2.0,2.0,noise,-1.3538232049802512,-0.833487811263645,uncertain
4,0,105,3,0.5,1.5,2.5,4,-2.0,2.0,noise,0.3529335710899939,-2.5663756688834467,uncertain
4,0,106,3,0.5,1.5,2.5,4,-2.0,2.0,signal,2.78369365908624,-0.5273593226794877,signal
4,0,107,3,0.5,1.5,2.5,4,-2.0,2.0,signal,0.8164255175305211,-0.7086042871361597,uncertain
4,0,108,3,0.5,1.5,2.5,4,-2.0,2.0,noise,-2.4402737482491856,-1.5779309547074443,noise
4,0,109,3,0.5,1.5,2.5,4,-2.0,2.0,signal,0.12721006644086563,0.7219984841005064,uncertain
4,0,110,3,0.5,1.5,2.5,4,-2.0,2.0,noise,-0.8372547365273008,-0.6857650903115905,uncertain
4,0,111,3,0.5,1.5,2.5,4,-2.0,2.0,noise,-0.4746564784823181,-1.6928888904511636,uncertain
4,0,112,3,0.5,1.5,2.5,4,-2.0,2.0,noise,-0.5568319674662476,-0.9277376151470715,uncertain
4,0,113,3,0.5,1.5,2.5,4,-2.0,2.0,noise,-0.5749662104233806,-4.202606965849828,uncertain
4,0,114,3,0.5,1.5,2.5,4,-2.0,2.0,signal,0.6678265271261867,-0.2622191474488993,uncertain
4,0,115,3,0.5,1.5,2.5,4,-2.0,2.0,noise,-0.8946665022009738,-1.761217664269604,uncertain
4,0,116,3,0.5,1.5,2.5,4,-2.0,2.0,signal,0.9456578871152311,1.964994344962038,uncertain
4,0,117,3,0.5,1.5,2.5,4,-2.0,2.0,noise,1.1409361972922163,-1.4853554222176268,uncertain
4,0,118,3,0.5,1.5,2.5,4,-2.0,2.0,noise,-0.7121859786507411,-1.534417688707872,uncertain
4,0,119,3,0.5,1.5,2.5,4,-2.0,2.0,signal,0.7057466971714723,1.5414323983210736,uncertain
4,0,120,3,0.5,1.5,2.5,4,-2.0,2.0,signal,1.5770936197329113,1.791126551322784,uncertain
5,0,1,1,0.5,2.5,1.5,2,-1.0,1.0,signal,0.3105904069014528,0.9859979587272145,uncertain
5,0,2,1,0.5,2.5,1.5,2,-1.0,1.0,noise,-0.3092282297902448,-1.2166229425378048,uncertain
5,0,3,1,0.5,2.5,1.5,2,-1.0,1.0,noise,-2.2785147070815723,-1.205800312074366,noise
5,0,4,1,0.5,2.5,1.5,2,-1.0,1.0,signal,0.913507145037314,0.22869168051221245,uncertain
5,0,5,1,0.5,2.5,1.5,2,-1.0,1.0,noise,-1.3629998789932938,0.6598622954777902,noise
5,0,6,1,0.5,2.5,1.5,2,-1.0,1.0,signal,2.7898336002592794,2.217378030635171,signal
5,0,7,1,0.5,2.5,1.5,2,-1.0,1.0,noise,-0.14359972519033426,-1.8504572292796801,uncertain
5,0,8,1,0.5,2.5,1.5,2,-1.0,1.0,noise,-2.155657458944555,-0.1369818115859387,noise
5,0,9,1,0.5,2.5,1.5,2,-1.0,1.0,signal,1.6650101235055081,0.7995527425981974,signal
5,0,10,1,0.5,2.5,1.5,2,-1.0,1.0,signal,0.5710587242964447,-0.4816204124727925,uncertain
5,0,11,2,0.5,2.5,1.5,2,-1.0,1.0,noise,-2.4190148837918235,-0.44770762085874805,noise
5,0,12,2,0.5,2.5,1.5,2,-1.0,1.0,noise,-1.1992207072029837,-1.027877483671485,noise
5,0,13,2,0.5,2.5,1.5,2,-1.0,1.0,noise,-1.9029331375185956,-2.145556205707919,noise
5,0,14,2,0.5,2.5,1.5,2,-1.0,1.0,signal,0.9615205561877298,0.46663121790997225,uncertain
5,0,15,2,0.5,2.5,1.5,2,-1.0,1.0,noise,0.19949244648041553,0.6225248209739902,uncertain
5,0,16,2,0.5,2.5,1.5,2,-1.0,1.0,signal,1.8139479834022658,-0.5547601777810824,signal
5,0,17,2,0.5,2.5,1.5,2,-1.0,1.0,noise,-0.9283237179670123,-0.7513835107358372,uncertain
5,0,18,2,0.5,2.5,1.5,2,-1.0,1.0,signal,2.7015896982249963,2.2318498718575466,signal
5,0,19,2,0.5,2.5,1.5,2,-1.0,1.0,signal,0.3979720140591345,0.8919549334805911,uncertain
5,0,20,2,0.5,2.5,1.5,2,-1.0,1.0,signal,0.37496974812587336,0.7143241545329726,uncertain
5,0,21,3,0.5,2.5,1.5,2,-1.0,1.0,signal,1.191545010318104,-0.3685360467586325,signal
5,0,22,3,0.5,2.5,1.5,2,-1.0,1.0,noise,-1.3217578335556501,-1.6624170995330656,noise
5,0,23,3,0.5,2.5,1.5,2,-1.0,1.0,signal,1.416714367221935,2.973618121684344,signal
5,0,24,3,0.5,2.5,1.5,2,-1.0,1.0,noise,-3.2141826146383146,-0.32743706476401413,noise
5,0,25,3,0.5,2.5,1.5,2,-1.0,1.0,signal,1.7404217343695194,0.5470228871411484,signal
5,0,26,3,0.5,2.5,1.5,2,-1.0,1.0,noise,-1.2986005184067857,0.1564862046326363,noise
5,0,27,3,0.5,2.5,1.5,2,-1.0,1.0,signal,-0.29312081738966267,2.3749504271295954,uncertain
5,0,28,3,0.5,2.5,1.5,2,-1.0,1.0,noise,-1.0786995090770086,-0.18283477731367082,noise
5,0,29,3,0.5,2.5,1.5,2,-1.0,1.0,signal,-0.9008637585674837,-0.506661353718322,uncertain
5,0,30,3,0.5,2.5,1.5,2,-1.0,1.0,signal,1.2895519613436566,2.3829423937807768,signal
5,0,31,3,0.5,2.5,1.5,2,-1.0,1.0,signal,2.6920366034078587,-0.40814071539547747,signal
5,0,32,3,0.5,2.5,1.5,2,-1.0,1.0,signal,1.2522818077970461,0.7057779166335207,signal
5,0,33,3,0.5,2.5,1.5,2,-1.0,1.0,noise,0.2417043168117301,-0.1033540882039834,uncertain
5,0,34,3,0.5,2.5,1.5,2,-1.0,1.0,signal,2.9254436521644616,0.1930794076250374,signal
5,0,35,3,0.5,2.5,1.5,2,-1.0,1.0,signal,1.389807627846631,0.468999549589272,signal
5,0,36,3,0.5,2.5,1.5,2,-1.0,1.0,noise,-1.3331904365544696,-0.7030014715780232,noise
5,0,37,3,0.5,2.5,1.5,2,-1.0,1.0,noise,-1.568163356180146,1.096470428068249,noise
5,0,38,3,0.5,2.5,1.5,2,-1.0,1.0,signal,2.3007670232111104,1.071743489159136,signal
5,0,39,3,0.5,2.5,1.5,2,-1.0,1.0,noise,-1.6763719068791398,-0.3158842673486943,noise
5,0,40,3,0.5,2.5,1.5,2,-1.0,1.0,signal,0.6983966263573331,0.8573896883599388,uncertain
5,0,41,3,0.5,2.5,1.5,2,-1.0,1.0,signal,-0.1945076074997274,-0.04156723161879572,uncertain
5,0,42,3,0.5,2.5,1.5,2,-1.0,1.0,noise,1.1995888867171303,-0.9628289314862513,signal
5,0,43,3,0.5,2.5,1.5,2,-1.0,1.0,noise,-0.7586902679269771,0.4713742136288641,uncertain
5,0,44,3,0.5,2.5,1.5,2,-1.0,1.0,noise,0.7402434933743798,-0.5144531013029007,uncertain
5,0,45,3,0.5,2.5,1.5,2,-1.0,1.0,signal,1.3146262988732236,0.5339494766220003,signal
5,0,46,3,0.5,2.5,1.5,2,-1.0,1.0,noise,-2.390197562697061,-0.105886975172102,noise
5,0,47,3,0.5,2.5,1.5,2,-1.0,1.0,signal,2.741609440104293,0.23514371507645448,signal
5,0,48,3,0.5,2.5,1.5,2,-1.0,1.0,signal,1.5790538999400978,-1.0898489130688211,signal
5,0,49,3,0.5,2.5,1.5,2,-1.0,1.0,noise,-0.23547321387414932,-0.6616190260325056,uncertain
5,0,50,3,0.5,2.5,1.5,2,-1.0,1.0,noise,-1.7858331473079838,-0.13397261572506936,noise
5,0,51,3,0.5,2.5,1.5,2,-1.0,1.0,noise,-2.7368815826914927,-2.772012217095804,noise
5,0,52,3,0.5,2.5,1.5,2,-1.0,1.0,signal,2.381755160524473,3.0784021183643775,signal
5,0,53,3,0.5,2.5,1.5,2,-1.0,1.0,signal,-0.6780962834282911,1.7145109406390282,uncertain
5,0,54,3,0.5,2.5,1.5,2,-1.0,1.0,noise,-3.3034972942313767,0.33641740321326963,noise
5,0,55,3,0.5,2.5,1.5,2,-1.0,1.0,signal,-0.2779789339741894,1.1647648086039568,uncertain
5,0,56,3,0.5,2.5,1.5,2,-1.0,1.0,noise,-2.673731591206043,-0.5392042578580079,noise
5,0,57,3,0.5,2.5,1.5,2,-1.0,1.0,noise,-0.7181888734284557,-1.9039121134833412,uncertain
5,0,58,3,0.5,2.5,1.5,2,-1.0,1.0,noise,-3.4611730838240837,-2.2930074310763597,noise
5,0,59,3,0.5,2.5,1.5,2,-1.0,1.0,noise,-1.1123604704331278,-1.2027884224210357,noise
5,0,60,3,0.5,2.5,1.5,2,-1.0,1.0,noise,-1.3879688277052815,0.12398937022232226,noise
5,0,61,3,0.5,2.5,1.5,2,-1.0,1.0,signal,1.947325976801828,1.5583841049940785,signal
5,0,62,3,0.5,2.5,1.5,2,-1.0,1.0,noise,-0.3643482100844262,-0.4203926027202105,uncertain
5,0,63,3,0.5,2.5,1.5,2,-1.0,1.0,signal,1.6937981677694331,0.5632260527657371,signal
5,0,64,3,0.5,2.5,1.5,2,-1.0,1.0,signal,0.977689863066409,2.0290116348853204,uncertain
5,0,65,3,0.5,2.5,1.5,2,-1.0,1.0,signal,1.3850052628744884,0.7058355588902013,signal
5,0,66,3,0.5,2.5,1.5,2,-1.0,1.0,signal,-0.19265496578246677,-0.9347011884287473,uncertain
5,0,67,3,0.5,2.5,1.5,2,-1.0,1.0,signal,1.5482120436443514,1.515697296429714,signal
5,0,68,3,0.5,2.5,1.5,2,-1.0,1.0,noise,-0.10086127519993227,-0.15946260966328596,uncertain
5,0,69,3,0.5,2.5,1.5,2,-1.0,1.0,noise,-1.734424808976309,-0.1784828868626669,noise
5,0,70,3,0.5,2.5,1.5,2,-1.0,1.0,noise,-2.483701987378403,-1.2445039422326611,noise
5,0,71,3,0.5,2.5,1.5,2,-1.0,1.0,noise,-2.2920754784275084,-1.351998198447724,noise
5,0,72,3,0.5,2.5,1.5,2,-1.0,1.0,noise,-0.7450068428570598,-1.8331296040178078,uncertain
5,0,73,3,0.5,2.5,1.5,2,-1.0,1.0,signal,1.1727934200969912,1.4556331153292335,signal
5,0,74,3,0.5,2.5,1.5,2,-1.0,1.0,signal,1.069119239536659,1.0899018481961444,signal
5,0,75,3,0.5,2.5,1.5,2,-1.0,1.0,signal,2.6310353964507045,0.5930746157174881,signal
5,0,76,3,0.5,2.5,1.5,2,-1.0,1.0,signal,0.061051767918119726,1.942819527777449,uncertain
5,0,77,3,0.5,2.5,1.5,2,-1.0,1.0,signal,0.5344238058086834,-0.43117850000524416,uncertain
5,0,78,3,0.5,2.5,1.5,2,-1.0,1.0,signal,0.8837083491246558,0.12935768337619535,uncertain
5,0,79,3,0.5,2.5,1.5,2,-1.0,1.0,signal,0.14148727108384307,-0.5155451518864493,uncertain
5,0,80,3,0.5,2.5,1.5,2,-1.0,1.0,noise,-0.622850858907808,0.3250870918971631,uncertain
5,0,81,3,0.5,2.5,1.5,2,-1.0,1.0,signal,1.0176081974678235,1.198267971834151,signal
5,0,82,3,0.5,2.5,1.5,2,-1.0,1.0,signal,1.0728545623530126,0.8813826987900006,signal
5,0,83,3,0.5,2.5,1.5,2,-1.0,1.0,noise,-0.2810584845128269,0.1483568039141676,uncertain
5,0,84,3,0.5,2.5,1.5,2,-1.0,1.0,signal,1.7017391513002642,0.6312560868830364,signal
5,0,85,3,0.5,2.5,1.5,2,-1.0,1.0,signal,1.211400581532402,-0.1297913289670114,signal
5,0,86,3,0.5,2.5,1.5,2,-1.0,1.0,signal,2.8908585182521636,-0.15469562938290127,signal
5,0,87,3,0.5,2.5,1.5,2,-1.0,1.0,noise,-0.759012255701263,0.2165812074601564,uncertain
5,0,88,3,0.5,2.5,1.5,2,-1.0,1.0,noise,-2.256089630653669,-1.6469263781464418,noise
5,0,89,3,0.5,2.5,1.5,2,-1.0,1.0,noise,-0.18653304739317567,0.007149297994946124,uncertain
5,0,90,3,0.5,2.5,1.5,2,-1.0,1.0,noise,-1.7066392030584832,-1.3990057338092128,noise
5,0,91,3,0.5,2.5,1.5,2,-1.0,1.0,noise,-0.5830466861492367,-3.1745249614957576,uncertain
5,0,92,3,0.5,2.5,1.5,2,-1.0,1.0,noise,-0.7362069796850682,-1.4337286568141008,uncertain
5,0,93,3,0.5,2.5,1.5,2,-1.0,1.0,noise,-1.8085127057061376,-0.642873583470291,noise
5,0,94,3,0.5,2.5,1.5,2,-1.0,1.0,noise,-0.45779657140307606,-3.6882536701432462,uncertain
5,0,95,3,0.5,2.5,1.5,2,-1.0,1.0,noise,-2.269083791963382,-0.20126770317665665,noise
5,0,96,3,0.5,2.5,1.5,2,-1.0,1.0,noise,-0.9352257831102608,-0.5280092459386793,uncertain
5,0,97,3,0.5,2.5,1.5,2,-1.0,1.0,signal,1.07123519042853,1.7984040827105943,signal
5,0,98,3,0.5,2.5,1.5,2,-1.0,1.0,noise,-0.9576016654604514,-0.2856533992792559,uncertain
5,0,99,3,0.5,2.5,1.5,2,-1.0,1.0,noise,-1.0832538202343192,-0.08922071502443318,noise
5,0,100,3,0.5,2.5,1.5,2,-1.0,1.0,signal,0.5166658070955455,1.7887365332747338,uncertain
5,0,101,3,0.5,2.5,1.5,2,-1.0,1.0,noise,-0.8282827404861304,-0.7130434245197403,uncertain
5,0,102,3,0.5,2.5,1.5,2,-1.0,1.0,noise,-2.3334301371960513,-1.4016330119924458,noise
5,0,103,3,0.5,2.5,1.5,2,-1.0,1.0,signal,1.8240319816976025,-1.4576105612673507,signal
5,0,104,3,0.5,2.5,1.5,2,-1.0,1.0,noise,-1.6722755797721094,-0.23828159599509668,noise
5,0,105,3,0.5,2.5,1.5,2,-1.0,1.0,signal,1.6865202770522343,0.2502078925637199,signal
5,0,106,3,0.5,2.5,1.5,2,-1.0,1.0,noise,0.16384117851614644,-0.5818325173267267,uncertain
5,0,107,3,0.5,2.5,1.5,2,-1.0,1.0,signal,2.093516699608943,0.681450277268591,signal
5,0,108,3,0.5,2.5,1.5,2,-1.0,1.0,noise,-1.1618277816381328,0.2191923768925923,noise
5,0,109,3,0.5,2.5,1.5,2,-1.0,1.0,signal,1.3926384321308174,1.5893498423675942,signal
5,0,110,3,0.5,2.5,1.5,2,-1.0,1.0,signal,1.0971247289942136,0.03330008276910856,signal
5,0,111,3,0.5,2.5,1.5,2,-1.0,1.0,signal,3.510024332010122,0.30681674197940445,signal
5,0,112,3,0.5,2.5,1.5,2,-1.0,1.0,noise,-0.822344435930123,-1.468900647476628,uncertain
5,0,113,3,0.5,2.5,1.5,2,-1.0,1.0,signal,-0.3890983109318398,1.215076116020029,uncertain
5,0,114,3,0.5,2.5,1.5,2,-1.0,1.0,noise,-1.6785320177234748,-0.9026908951668557,noise
5,0,115,3,0.5,2.5,1.5,2,-1.0,1.0,noise,-1.047968887417204,-2.7907007471346694,noise
5,0,116,3,0.5,2.5,1.5,2,-1.0,1.0,signal,0.3055798494131877,-0.09918450015871982,uncertain
5,0,117,3,0.5,2.5,1.5,2,-1.0,1.0,noise,-0.8824241177758252,0.15802619332506151,uncertain
5,0,118,3,0.5,2.5,1.5,2,-1.0,1.0,signal,0.7503014054077142,1.0457049655393384,uncertain
5,0,119,3,0.5,2.5,1.5,2,-1.0,1.0,signal,2.0236402408083567,1.3560728633041954,signal
5,0,120,3,0.5,2.5,1.5,2,-1.0,1.0,signal,2.3009189443648124,0.9761985865818326,signal
6,0,1,1,0.5,2.5,1.5,4,-2.0,2.0,noise,-0.713492565192756,0.43525565482795714,uncertain
6,0,2,1,0.5,2.5,1.5,4,-2.0,2.0,signal,1.3142028975491615,0.6027649543697335,uncertain
6,0,3,1,0.5,2.5,1.5,4,-2.0,2.0,signal,2.602332482213712,0.7161550564018504,signal
6,0,4,1,0.5,2.5,1.5,4,-2.0,2.0,noise,-1.3175686986555302,-0.8883307928360215,uncertain
6,0,5,1,0.5,2.5,1.5,4,-2.0,2.0,signal,0.4000394972181439,2.4231012596994037,uncertain
6,0,6,1,0.5,2.5,1.5,4,-2.0,2.0,noise,-0.5000836973139307,-1.8992003698853375,uncertain
6,0,7,1,0.5,2.5,1.5,4,-2.0,2.0,signal,1.7680047814872526,0.1840515764503956,uncertain
6,0,8,1,0.5,2.5,1.5,4,-2.0,2.0,signal,0.1654203415317297,-0.17607284692138403,uncertain
6,0,9,1,0.5,2.5,1.5,4,-2.0,2.0,noise,-0.7634311737420281,-1.4894765624395145,uncertain
6,0,10,1,0.5,2.5,1.5,4,-2.0,2.0,noise,-2.955423865095755,0.09175207033291655,noise
6,0,11,2,0.5,2.5,1.5,4,-2.0,2.0,noise,0.3600212586379068,-0.5714967981215996,uncertain
6,0,12,2,0.5,2.5,1.5,4,-2.0,2.0,signal,0.5109493529252704,1.4869718462365693,uncertain
6,0,13,2,0.5,2.5,1.5,4,-2.0,2.0,noise,-1.3728040260027854,-1.621096320413891,uncertain
6,0,14,2,0.5,2.5,1.5,4,-2.0,2.0,signal,2.24242264873143,0.6244317370852999,signal
6,0,15,2,0.5,2.5,1.5,4,-2.0,2.0,signal,0.019311623984884063,-0.4565469138259486,uncertain
6,0,16,2,0.5,2.5,1.5,4,-2.0,2.0,noise,-2.35869780758223,0.7019152900331391,noise
6,0,17,2,0.5,2.5,1.5,4,-2.0,2.0,signal,1.2504298078883003,1.9984270333334802,uncertain
6,0,18,2,0.5,2.5,1.5,4,-2.0,2.0,signal,2.2268865664701156,0.09671629717059971,signal
6,0,19,2,0.5,2.5,1.5,4,-2.0,2.0,noise,-1.2248985548710893,-0.49209355286129836,uncertain
6,0,20,2,0.5,2.5,1.5,4,-2.0,2.0,noise,-1.6536208701818031,-1.7672286186363502,uncertain
6,0,21,3,0.5,2.5,1.5,4,-2.0,2.0,signal,0.306984394967432,0.4138905929821966,uncertain
6,0,22,3,0.5,2.5,1.5,4,-2.0,2.0,noise,-0.8237110722244338,-0.14372765111632335,uncertain
6,0,23,3,0.5,2.5,1.5,4,-2.0,2.0,noise,-2.0965946569692586,-1.9195925178485547,noise
6,0,24,3,0.5,2.5,1.5,4,-2.0,2.0,noise,-1.7543257591485482,-0.6318322630884087,uncertain
6,0,25,3,0.5,2.5,1.5,4,-2.0,2.0,signal,0.6392561007843465,1.316863557697753,uncertain
6,0,26,3,0.5,2.5,1.5,4,-2.0,2.0,noise,-0.7781692458401321,-0.5475138183368037,uncertain
6,0,27,3,0.5,2.5,1.5,4,-2.0,2.0,signal,0.9582171391468548,2.579065992651823,uncertain
6,0,28,3,0.5,2.5,1.5,4,-2.0,2.0,noise,-1.7749606575706118,2.0837760160559227,uncertain
6,0,29,3,0.5,2.5,1.5,4,-2.0,2.0,signal,0.9267426454904977,-0.928285783861915,uncertain
6,0,30,3,0.5,2.5,1.5,4,-2.0,2.0,signal,2.7798754376069015,2.457898134058005,signal
6,0,31,3,0.5,2.5,1.5,4,-2.0,2.0,signal,3.1560273223056994,-0.12179912111037317,signal
6,0,32,3,0.5,2.5,1.5,4,-2.0,2.0,noise,-0.8135773951505743,-1.593571143790796,uncertain
6,0,33,3,0.5,2.5,1.5,4,-2.0,2.0,signal,1.501171662427838,1.310435392728408,uncertain
6,0,34,3,0.5,2.5,1.5,4,-2.0,2.0,noise,-0.9393080853596674,-0.2783255911223832,uncertain
6,0,35,3,0.5,2.5,1.5,4,-2.0,2.0,signal,-1.1544702918918155,0.7872456435376738,uncertain
6,0,36,3,0.5,2.5,1.5,4,-2.0,2.0,signal,0.6259452934090514,0.16836557677726616,uncertain
6,0,37,3,0.5,2.5,1.5,4,-2.0,2.0,noise,-1.1096817185392596,-0.6809190190139793,uncertain
6,0,38,3,0.5,2.5,1.5,4,-2.0,2.0,noise,0.6615824714099503,-0.38514079493790754,uncertain
6,0,39,3,0.5,2.5,1.5,4,-2.0,2.0,signal,1.2494933680309381,0.9986910171371219,uncertain
6,0,40,3,0.5,2.5,1.5,4,-2.0,2.0,noise,-2.5527638180932297,-2.0687020906061466,noise
6,0,41,3,0.5,2.5,1.5,4,-2.0,2.0,noise,-1.6943406911433196,-0.39605811151002324,uncertain
6,0,42,3,0.5,2.5,1.5,4,-2.0,2.0,noise,-0.32891757039083813,-2.121508145959679,uncertain
6,0,43,3,0.5,2.5,1.5,4,-2.0,2.0,signal,2.335534395201601,0.5655143377490047,signal
6,0,44,3,0.5,2.5,1.5,4,-2.0,2.0,noise,-0.968562087674095,-1.3467250026701185,uncertain
6,0,45,3,0.5,2.5,1.5,4,-2.0,2.0,signal,-0.42095169666739096,-1.994904513170665,uncertain
6,0,46,3,0.5,2.5,1.5,4,-2.0,2.0,signal,0.07040327679588887,-0.024624580915276195,uncertain
6,0,47,3,0.5,2.5,1.5,4,-2.0,2.0,signal,1.2176024941882388,0.05359330093790882,uncertain
6,0,48,3,0.5,2.5,1.5,4,-2.0,2.0,noise,-1.2638260325216586,0.39239350993848365,uncertain
6,0,49,3,0.5,2.5,1.5,4,-2.0,2.0,noise,-0.7360815724109774,-2.8282101540034987,uncertain
6,0,50,3,0.5,2.5,1.5,4,-2.0,2.0,signal,1.793158341979166,-0.8279809560422287,uncertain
6,0,51,3,0.5,2.5,1.5,4,-2.0,2.0,noise,-1.3735289556195502,1.3792118083659362,uncertain
6,0,52,3,0.5,2.5,1.5,4,-2.0,2.0,signal,2.119748309238327,1.8593617223159973,signal
6,0,53,3,0.5,2.5,1.5,4,-2.0,2.0,noise,-0.9732530643345001,0.35392784881583883,uncertain
6,0,54,3,0.5,2.5,1.5,4,-2.0,2.0,noise,-0.8477432794599231,-0.6404663057426937,uncertain
6,0,55,3,0.5,2.5,1.5,4,-2.0,2.0,signal,1.2600326012332461,0.2087064319737576,uncertain
6,0,56,3,0.5,2.5,1.5,4,-2.0,2.0,signal,1.3405200874702619,1.3483600495817682,uncertain
6,0,57,3,0.5,2.5,1.5,4,-2.0,2.0,noise,-1.5127389336452628,-0.9193384512825347,uncertain
6,0,58,3,0.5,2.5,1.5,4,-2.0,2.0,signal,2.238610156032383,1.4670158923682712,signal
6,0,59,3,0.5,2.5,1.5,4,-2.0,2.0,noise,-1.8687156879279034,-0.7179449463415001,uncertain
6,0,60,3,0.5,2.5,1.5,4,-2.0,2.0,signal,1.8952332290403757,0.4394091605246048,uncertain
6,0,61,3,0.5,2.5,1.5,4,-2.0,2.0,signal,0.5019278893694034,0.7528846137338365,uncertain
6,0,62,3,0.5,2.5,1.5,4,-2.0,2.0,noise,-1.0990670684180484,-1.5385423465607282,uncertain
6,0,63,3,0.5,2.5,1.5,4,-2.0,2.0,noise,-3.3708790873477206,-0.6135019934290953,noise
6,0,64,3,0.5,2.5,1.5,4,-2.0,2.0,noise,-1.6510022047470594,-0.10918242398958244,uncertain
6,0,65,3,0.5,2.5,1.5,4,-2.0,2.0,signal,0.41301994835632716,1.570067885942213,uncertain
6,0,66,3,0.5,2.5,1.5,4,-2.0,2.0,signal,-0.20727619564465116,0.6966254341549876,uncertain
6,0,67,3,0.5,2.5,1.5,4,-2.0,2.0,noise,-2.3205269161740816,-1.7298043587586602,noise
6,0,68,3,0.5,2.5,1.5,4,-2.0,2.0,signal,2.1989600672556984,0.007710332838087752,signal
6,0,69,3,0.5,2.5,1.5,4,-2.0,2.0,signal,1.6115779372853392,1.9558706263928043,uncertain
6,0,70,3,0.5,2.5,1.5,4,-2.0,2.0,noise,-0.5683815655385527,-1.1922590280684975,uncertain
6,0,71,3,0.5,2.5,1.5,4,-2.0,2.0,noise,-3.209420544177923,-1.1720728699540905,noise
6,0,72,3,0.5,2.5,1.5,4,-2.0,2.0,signal,1.8581869114691705,-0.06283682302757465,uncertain
6,0,73,3,0.5,2.5,1.5,4,-2.0,2.0,signal,1.9462327261183336,-0.158830179300953,uncertain
6,0,74,3,0.5,2.5,1.5,4,-2.0,2.0,noise,-0.48885312586292584,-0.16779681365619092,uncertain
6,0,75,3,0.5,2.5,1.5,4,-2.0,2.0,noise,-1.018259280929515,-2.1245054870524585,uncertain
6,0,76,3,0.5,2.5,1.5,4,-2.0,2.0,signal,1.2095076937974145,1.3441578055907186,uncertain
6,0,77,3,0.5,2.5,1.5,4,-2.0,2.0,noise,-2.099540552940324,-1.4612767510963645,noise
6,0,78,3,0.5,2.5,1.5,4,-2.0,2.0,noise,-2.4346473729946085,-0.6630662640101264,noise
6,0,79,3,0.5,2.5,1.5,4,-2.0,2.0,signal,2.225744197734304,0.3503401301801071,signal
6,0,80,3,0.5,2.5,1.5,4,-2.0,2.0,noise,-1.5054953869074232,-0.3133757159846333,uncertain
6,0,81,3,0.5,2.5,1.5,4,-2.0,2.0,signal,3.317713225914184,1.918371581379395,signal
6,0,82,3,0.5,2.5,1.5,4,-2.0,2.0,noise,-0.9972945667001388,-2.786699395253311,uncertain
6,0,83,3,0.5,2.5,1.5,4,-2.0,2.0,noise,1.0648090546645679,-1.7183636002890719,uncertain
6,0,84,3,0.5,2.5,1.5,4,-2.0,2.0,noise,-0.34451962274144343,-1.9894983099798225,uncertain
6,0,85,3,0.5,2.5,1.5,4,-2.0,2.0,signal,0.2951654289233191,0.3189381953765887,uncertain
6,0,86,3,0.5,2.5,1.5,4,-2.0,2.0,signal,-0.6990194292414378,-0.027448465513791653,uncertain
6,0,87,3,0.5,2.5,1.5,4,-2.0,2.0,signal,0.8594660740932638,0.5433021830647334,uncertain
6,0,88,3,0.5,2.5,1.5,4,-2.0,2.0,signal,2.86156942054368,0.8994976644244804,signal
6,0,89,3,0.5,2.5,1.5,4,-2.0,2.0,noise,-0.2976850705262143,-1.4129476949752882,uncertain
6,0,90,3,0.5,2.5,1.5,4,-2.0,2.0,signal,0.7488843251652583,1.538301543849446,uncertain
6,0,91,3,0.5,2.5,1.5,4,-2.0,2.0,signal,2.3256992595781094,0.08052965053335503,signal
6,0,92,3,0.5,2.5,1.5,4,-2.0,2.0,signal,1.5302471931998447,0.511864281079116,uncertain
6,0,93,3,0.5,2.5,1.5,4,-2.0,2.0,noise,-0.4460997629331729,0.12618849938571752,uncertain
6,0,94,3,0.5,2.5,1.5,4,-2.0,2.0,signal,1.8278694938355398,1.3553756167280044,uncertain
6,0,95,3,0.5,2.5,1.5,4,-2.0,2.0,signal,0.008586546141732265,1.1580088413787806,uncertain
6,0,96,3,0.5,2.5,1.5,4,-2.0,2.0,noise,-1.4339680172839526,-1.031781879395273,uncertain
6,0,97,3,0.5,2.5,1.5,4,-2.0,2.0,signal,0.4005400783410299,3.246128992687192,uncertain
6,0,98,3,0.5,2.5,1.5,4,-2.0,2.0,noise,1.9645463796815976,-0.25884810069869457,uncertain
6,0,99,3,0.5,2.5,1.5,4,-2.0,2.0,signal,0.32631971158560813,0.5211784763570274,uncertain
6,0,100,3,0.5,2.5,1.5,4,-2.0,2.0,noise,-2.9900512493465463,0.36365925995031434,noise
6,0,101,3,0.5,2.5,1.5,4,-2.0,2.0,noise,-1.1597185728708943,-1.9216326352707371,uncertain
6,0,102,3,0.5,2.5,1.5,4,-2.0,2.0,signal,2.252462542031983,1.7054114706616121,signal
6,0,103,3,0.5,2.5,1.5,4,-2.0,2.0,noise,-0.27252893548104185,0.4512611358190197,uncertain
6,0,104,3,0.5,2.5,1.5,4,-2.0,2.0,noise,-2.185781757370717,-0.021103213722231895,noise
6,0,105,3,0.5,2.5,1.5,4,-2.0,2.0,signal,2.396657932111715,-1.028020073481643,signal
6,0,106,3,0.5,2.5,1.5,4,-2.0,2.0,signal,1.3265503915344061,2.402008626182158,uncertain
6,0,107,3,0.5,2.5,1.5,4,-2.0,2.0,signal,1.3899540061147935,1.555759876547626,uncertain
6,0,108,3,0.5,2.5,1.5,4,-2.0,2.0,signal,1.3565173101896886,-0.27359393140956567,uncertain
6,0,109,3,0.5,2.5,1.5,4,-2.0,2.0,noise,-1.8367846115344222,-0.4896046719247237,uncertain
6,0,110,3,0.5,2.5,1.5,4,-2.0,2.0,noise,-1.7398887086626882,-0.0016373980974460078,uncertain
6,0,111,3,0.5,2.5,1.5,4,-2.0,2.0,signal,1.162548996680582,0.11106032651514819,uncertain
6,0,112,3,0.5,2.5,1.5,4,-2.0,2.0,signal,-0.0320833303014989,1.364205613922238,uncertain
6,0,113,3,0.5,2.5,1.5,4,-2.0,2.0,signal,1.6662731290716175,0.2568556598117394,uncertain
6,0,114,3,0.5,2.5,1.5,4,-2.0,2.0,noise,-1.3951385654234563,-0.5015336071488932,uncertain
6,0,115,3,0.5,2.5,1.5,4,-2.0,2.0,noise,-1.696179059221198,-1.758082943431465,uncertain
6,0,116,3,0.5,2.5,1.5,4,-2.0,2.0,noise,-0.05456751821898953,0.3960479738393352,uncertain
6,0,117,3,0.5,2.5,1.5,4,-2.0,2.0,noise,-1.9630438461500286,-1.0349918365362232,uncertain
6,0,118,3,0.5,2.5,1.5,4,-2.0,2.0,signal,0.581062251955404,0.8094521954810376,uncertain
6,0,119,3,0.5,2.5,1.5,4,-2.0,2.0,noise,-2.1820108538048473,0.011977183700616512,noise
6,0,120,3,0.5,2.5,1.5,4,-2.0,2.0,noise,-1.218803797424435,0.17324211078378027,uncertain
7,0,1,1,0.5,2.5,2.5,2,-1.0,1.0,signal,2.4179927616008,1.143961949320481,signal
7,0,2,1,0.5,2.5,2.5,2,-1.0,1.0,signal,0.5701486844953091,0.5918653324671953,uncertain
7,0,3,1,0.5,2.5,2.5,2,-1.0,1.0,signal,2.12121556527142,1.59798069961826,signal
7,0,4,1,0.5,2.5,2.5,2,-1.0,1.0,noise,-2.767871572951604,-0.2573664874068957,noise
7,0,5,1,0.5,2.5,2.5,2,-1.0,1.0,noise,-0.9676928530734175,-0.7761210363957032,uncertain
7,0,6,1,0.5,2.5,2.5,2,-1.0,1.0,noise,-0.08324482399277389,-0.6034993757864809,uncertain
7,0,7,1,0.5,2.5,2.5,2,-1.0,1.0,noise,-1.5710412679452463,-2.042175130234395,noise
7,0,8,1,0.5,2.5,2.5,2,-1.0,1.0,signal,1.0656258423218061,0.1642806774737351,signal
7,0,9,1,0.5,2.5,2.5,2,-1.0,1.0,noise,-0.860149482036958,-2.570837970176525,uncertain
7,0,10,1,0.5,2.5,2.5,2,-1.0,1.0,signal,0.07501714631066503,2.7519113411203295,uncertain
7,0,11,2,0.5,2.5,2.5,2,-1.0,1.0,noise,-0.6137009420398448,-0.3990374270081777,uncertain
7,0,12,2,0.5,2.5,2.5,2,-1.0,1.0,signal,0.4890380501663527,0.173714056377833,uncertain
7,0,13,2,0.5,2.5,2.5,2,-1.0,1.0,noise,-1.8695215584017588,-2.1512299022411057,noise
7,0,14,2,0.5,2.5,2.5,2,-1.0,1.0,signal,1.7027284581927802,0.16441220466155704,signal
7,0,15,2,0.5,2.5,2.5,2,-1.0,1.0,noise,-2.635114597426986,-0.7770385426766432,noise
7,0,16,2,0.5,2.5,2.5,2,-1.0,1.0,signal,2.7148049932182157,1.9680019713101173,signal
7,0,17,2,0.5,2.5,2.5,2,-1.0,1.0,noise,-0.1435750758578005,-0.4243755939362336,uncertain
7,0,18,2,0.5,2.5,2.5,2,-1.0,1.0,noise,-0.98808782627361,-2.4983185341378396,uncertain
7,0,19,2,0.5,2.5,2.5,2,-1.0,1.0,signal,0.2236677299969121,1.742591127334862,uncertain
7,0,20,2,0.5,2.5,2.5,2,-1.0,1.0,signal,1.1197607684257387,2.20128064031563,signal
7,0,21,3,0.5,2.5,2.5,2,-1.0,1.0,signal,-0.19626094738778455,1.2173242536373228,uncertain
7,0,22,3,0.5,2.5,2.5,2,-1.0,1.0,noise,-1.8688733300505098,-1.7158523508325707,noise
7,0,23,3,0.5,2.5,2.5,2,-1.0,1.0,signal,-0.08687170258384191,2.6837969536352615,uncertain
7,0,24,3,0.5,2.5,2.5,2,-1.0,1.0,signal,0.1417249301287702,0.7303371974911452,uncertain
7,0,25,3,0.5,2.5,2.5,2,-1.0,1.0,signal,0.8463959901922788,2.338845335320195,uncertain
7,0,26,3,0.5,2.5,2.5,2,-1.0,1.0,signal,2.08983532115729,0.3407788635186948,signal
7,0,27,3,0.5,2.5,2.5,2,-1.0,1.0,signal,0.4987184658128968,0.24097490804734245,uncertain
7,0,28,3,0.5,2.5,2.5,2,-1.0,1.0,noise,-1.0806705885682453,-2.4652686291484476,noise
7,0,29,3,0.5,2.5,2.5,2,-1.0,1.0,noise,-1.8174546991781937,-2.923646036121713,noise
7,0,30,3,0.5,2.5,2.5,2,-1.0,1.0,signal,0.6693893049490398,1.6980178761713103,uncertain
7,0,31,3,0.5,2.5,2.5,2,-1.0,1.0,noise,-1.8315945444746424,-2.662567204230923,noise
7,0,32,3,0.5,2.5,2.5,2,-1.0,1.0,noise,0.25088430811156437,-1.205291450832659,uncertain
7,0,33,3,0.5,2.5,2.5,2,-1.0,1.0,signal,0.3167637861866589,-0.4744097262859426,uncertain
7,0,34,3,0.5,2.5,2.5,2,-1.0,1.0,signal,3.93271578756741,2.5946591125987046,signal
7,0,35,3,0.5,2.5,2.5,2,-1.0,1.0,noise,-1.4816447114237628,-2.3732250886645456,noise
7,0,36,3,0.5,2.5,2.5,2,-1.0,1.0,signal,-0.19818607747339922,0.23889253573251823,uncertain
7,0,37,3,0.5,2.5,2.5,2,-1.0,1.0,noise,-0.15639783963171028,-0.3544678475728372,uncertain
7,0,38,3,0.5,2.5,2.5,2,-1.0,1.0,signal,0.3607923183203131,1.1005463932981971,uncertain
7,0,39,3,0.5,2.5,2.5,2,-1.0,1.0,noise,-1.0788739945555976,0.18917528470284095,noise
7,0,40,3,0.5,2.5,2.5,2,-1.0,1.0,noise,-0.5069023843619956,-1.0694238984590931,uncertain
7,0,41,3,0.5,2.5,2.5,2,-1.0,1.0,noise,-1.6986712081291473,-2.5655583047986523,noise
7,0,42,3,0.5,2.5,2.5,2,-1.0,1.0,noise,-0.4484327027836308,-1.4192444482422486,uncertain
7,0,43,3,0.5,2.5,2.5,2,-1.0,1.0,signal,2.815436407261181,0.642086156419751,signal
7,0,44,3,0.5,2.5,2.5,2,-1.0,1.0,noise,-1.2210125074920202,-2.4669189239994465,noise
7,0,45,3,0.5,2.5,2.5,2,-1.0,1.0,noise,-1.8449052242685524,-0.5530513724109248,noise
7,0,46,3,0.5,2.5,2.5,2,-1.0,1.0,noise,0.6405880839868252,-0.8781282366199358,uncertain
7,0,47,3,0.5,2.5,2.5,2,-1.0,1.0,signal,2.289101412000174,1.8655253126162452,signal
7,0,48,3,0.5,2.5,2.5,2,-1.0,1.0,noise,-1.7890572364744186,-2.633981719714762,noise
7,0,49,3,0.5,2.5,2.5,2,-1.0,1.0,signal,1.5644001586705503,0.5293978378891852,signal
7,0,50,3,0.5,2.5,2.5,2,-1.0,1.0,noise,-1.9892310455103677,-0.08543922587350306,noise
7,0,51,3,0.5,2.5,2.5,2,-1.0,1.0,signal,2.459974601956489,0.8696395162357176,signal
7,0,52,3,0.5,2.5,2.5,2,-1.0,1.0,signal,1.9018343277312715,1.2660865244698492,signal
7,0,53,3,0.5,2.5,2.5,2,-1.0,1.0,noise,-1.3352719473919166,-0.798096830813316,noise
7,0,54,3,0.5,2.5,2.5,2,-1.0,1.0,signal,0.8893215433769548,2.1762754829433284,uncertain
7,0,55,3,0.5,2.5,2.5,2,-1.0,1.0,signal,0.6736501875408158,2.287842288450311,uncertain
7,0,56,3,0.5,2.5,2.5,2,-1.0,1.0,signal,1.699866698249155,1.1698441225362313,signal
7,0,57,3,0.5,2.5,2.5,2,-1.0,1.0,noise,-1.4972240205569747,-4.285963407055973,noise
7,0,58,3,0.5,2.5,2.5,2,-1.0,1.0,noise,-1.4644322924835917,-1.9739599251846192,noise
7,0,59,3,0.5,2.5,2.5,2,-1.0,1.0,signal,1.0733632998116178,1.8740761911760946,signal
7,0,60,3,0.5,2.5,2.5,2,-1.0,1.0,signal,2.588118539028535,1.9276466357754356,signal
7,0,61,3,0.5,2.5,2.5,2,-1.0,1.0,signal,1.8472929156202533,1.5372001941019864,signal
7,0,62,3,0.5,2.5,2.5,2,-1.0,1.0,noise,-1.2168092304670735,-1.8241350647256218,noise
7,0,63,3,0.5,2.5,2.5,2,-1.0,1.0,noise,0.5083822588674267,-0.38126324389145716,uncertain
7,0,64,3,0.5,2.5,2.5,2,-1.0,1.0,signal,3.0292719327765787,0.849557495036821,signal
7,0,65,3,0.5,2.5,2.5,2,-1.0,1.0,signal,0.55952665890053,2.529041454420926,uncertain
7,0,66,3,0.5,2.5,2.5,2,-1.0,1.0,noise,-1.5712727937995359,-0.5431517840223558,noise
7,0,67,3,0.5,2.5,2.5,2,-1.0,1.0,noise,-0.8462007783138323,-1.781902371885419,uncertain
7,0,68,3,0.5,2.5,2.5,2,-1.0,1.0,noise,-0.33584272579371854,-2.6150977382698564,uncertain
7,0,69,3,0.5,2.5,2.5,2,-1.0,1.0,signal,1.3492125018106012,1.4091709340560539,signal
7,0,70,3,0.5,2.5,2.5,2,-1.0,1.0,signal,0.6506697120190571,0.41669072504070437,uncertain
7,0,71,3,0.5,2.5,2.5,2,-1.0,1.0,signal,2.6220866942884227,-0.15263178010371958,signal
7,0,72,3,0.5,2.5,2.5,2,-1.0,1.0,noise,-1.844257676469216,-0.8221542439272975,noise
7,0,73,3,0.5,2.5,2.5,2,-1.0,1.0,signal,0.7590170921381832,0.3156405175794722,uncertain
7,0,74,3,0.5,2.5,2.5,2,-1.0,1.0,signal,0.9711083865072552,0.10983904059467631,uncertain
7,0,75,3,0.5,2.5,2.5,2,-1.0,1.0,signal,1.8063092346993956,0.7628685788544268,signal
7,0,76,3,0.5,2.5,2.5,2,-1.0,1.0,noise,-0.9705576866199227,-1.4145419976279499,uncertain
7,0,77,3,0.5,2.5,2.5,2,-1.0,1.0,signal,0.7215918914052337,2.334572456819326,uncertain
7,0,78,3,0.5,2.5,2.5,2,-1.0,1.0,noise,-2.3502982638912018,-0.6589277329305608,noise
7,0,79,3,0.5,2.5,2.5,2,-1.0,1.0,signal,0.6137531256969317,1.8638840713576652,uncertain
7,0,80,3,0.5,2.5,2.5,2,-1.0,1.0,signal,-0.006394941846323388,-1.0599548276517323,uncertain
7,0,81,3,0.5,2.5,2.5,2,-1.0,1.0,signal,2.6450262697850873,0.7006525111723382,signal
7,0,82,3,0.5,2.5,2.5,2,-1.0,1.0,noise,-1.554005795459669,-0.4068068040189041,noise
7,0,83,3,0.5,2.5,2.5,2,-1.0,1.0,noise,-4.571863467475935,-0.573504492339684,noise
7,0,84,3,0.5,2.5,2.5,2,-1.0,1.0,signal,2.956790598840767,2.841240818966397,signal
7,0,85,3,0.5,2.5,2.5,2,-1.0,1.0,signal,1.5208427558122017,2.1509971308637463,signal
7,0,86,3,0.5,2.5,2.5,2,-1.0,1.0,signal,1.045220180506453,1.6786392262817746,signal
7,0,87,3,0.5,2.5,2.5,2,-1.0,1.0,noise,-1.6142652989225659,-1.500514799111341,noise
7,0,88,3,0.5,2.5,2.5,2,-1.0,1.0,noise,-2.0509773717314332,-0.67283178466625,noise
7,0,89,3,0.5,2.5,2.5,2,-1.0,1.0,signal,0.27614824351737566,0.991826623291324,uncertain
7,0,90,3,0.5,2.5,2.5,2,-1.0,1.0,signal,0.33205426775185065,0.6136090503607983,uncertain
7,0,91,3,0.5,2.5,2.5,2,-1.0,1.0,noise,-2.1363783350634424,-0.40985926553469576,noise
7,0,92,3,0.5,2.5,2.5,2,-1.0,1.0,noise,-0.49510342921717243,-1.7527821206086998,uncertain
7,0,93,3,0.5,2.5,2.5,2,-1.0,1.0,noise,-0.6738535428260733,-2.3713514459234917,uncertain
7,0,94,3,0.5,2.5,2.5,2,-1.0,1.0,noise,-1.3395341388136215,-1.917645419998727,noise
7,0,95,3,0.5,2.5,2.5,2,-1.0,1.0,signal,1.3341240451019265,3.3646043303357835,signal
7,0,96,3,0.5,2.5,2.5,2,-1.0,1.0,noise,-0.6947381258375728,-0.48102640223274495,uncertain
7,0,97,3,0.5,2.5,2.5,2,-1.0,1.0,signal,1.3103093777395314,2.3457523171406116,signal
7,0,98,3,0.5,2.5,2.5,2,-1.0,1.0,noise,-2.3445867334146735,-1.649337832344681,noise
7,0,99,3,0.5,2.5,2.5,2,-1.0,1.0,signal,1.4575078849433962,-0.18663472657950808,signal
7,0,100,3,0.5,2.5,2.5,2,-1.0,1.0,signal,0.5611640838233837,0.7987938154593752,uncertain
7,0,101,3,0.5,2.5,2.5,2,-1.0,1.0,noise,-0.4453835056949603,-0.9185960149878862,uncertain
7,0,102,3,0.5,2.5,2.5,2,-1.0,1.0,noise,-1.5562183292029146,-0.9627658890061723,noise
7,0,103,3,0.5,2.5,2.5,2,-1.0,1.0,noise,0.1734358655108159,-0.7832042374466384,uncertain
7,0,104,3,0.5,2.5,2.5,2,-1.0,1.0,noise,-1.3097573063730543,-0.859899776603934,noise
7,0,105,3,0.5,2.5,2.5,2,-1.0,1.0,noise,-1.8154687250507247,-0.0883246607210344,noise
7,0,106,3,0.5,2.5,2.5,2,-1.0,1.0,signal,-0.6379624326555169,1.1516301899151535,uncertain
7,0,107,3,0.5,2.5,2.5,2,-1.0,1.0,noise,0.962328422917258,-2.0257253049914943,uncertain
7,0,108,3,0.5,2.5,2.5,2,-1.0,1.0,noise,0.40119749873377053,0.039431086184572584,uncertain
7,0,109,3,0.5,2.5,2.5,2,-1.0,1.0,noise,-2.0890051357488932,-0.9724196617213119,noise
7,0,110,3,0.5,2.5,2.5,2,-1.0,1.0,noise,-3.0824872467965534,0.08882727227790777,noise
7,0,111,3,0.5,2.5,2.5,2,-1.0,1.0,noise,-0.22875076079822843,0.01798310145666071,uncertain
7,0,112,3,0.5,2.5,2.5,2,-1.0,1.0,signal,1.1412671695734788,1.309427955429651,signal
7,0,113,3,0.5,2.5,2.5,2,-1.0,1.0,noise,-2.1235872716590993,0.06173993609367545,noise
7,0,114,3,0.5,2.5,2.5,2,-1.0,1.0,noise,-1.0631149510475666,0.08490539522838847,noise
7,0,115,3,0.5,2.5,2.5,2,-1.0,1.0,signal,2.3872767842128235,2.3210429956088134,signal
7,0,116,3,0.5,2.5,2.5,2,-1.0,1.0,signal,0.14386182374366263,-0.7766453995957865,uncertain
7,0,117,3,0.5,2.5,2.5,2,-1.0,1.0,signal,1.191118601627183,1.370958395152063,signal
7,0,118,3,0.5,2.5,2.5,2,-1.0,1.0,signal,1.9415049345054398,2.640731889621866,signal
7,0,119,3,0.5,2.5,2.5,2,-1.0,1.0,noise,-2.001847534303722,-2.164207085829662,noise
7,0,120,3,0.5,2.5,2.5,2,-1.0,1.0,signal,1.6402158546584606,0.9493102447920978,signal
8,0,1,1,0.5,2.5,2.5,4,-2.0,2.0,noise,-1.1151190026438265,-2.5187725325874935,uncertain
8,0,2,1,0.5,2.5,2.5,4,-2.0,2.0,noise,-1.6299208311680906,-0.010355826578542393,uncertain
8,0,3,1,0.5,2.5,2.5,4,-2.0,2.0,signal,1.7267949481373763,2.2900896281114838,uncertain
8,0,4,1,0.5,2.5,2.5,4,-2.0,2.0,signal,1.5546317849913216,0.8260123027274202,uncertain
8,0,5,1,0.5,2.5,2.5,4,-2.0,2.0,noise,-2.7635166073975697,-1.3008114500761823,noise
8,0,6,1,0.5,2.5,2.5,4,-2.0,2.0,signal,-0.44513179456561325,0.06645650377812129,uncertain
8,0,7,1,0.5,2.5,2.5,4,-2.0,2.0,noise,-0.3553208172692073,-0.5589841700233659,uncertain
8,0,8,1,0.5,2.5,2.5,4,-2.0,2.0,signal,1.2658503865010398,0.7666882457202181,uncertain
8,0,9,1,0.5,2.5,2.5,4,-2.0,2.0,signal,2.1478546749358767,2.300753319662756,signal
8,0,10,1,0.5,2.5,2.5,4,-2.0,2.0,noise,-0.38612274152130677,-1.861076020734416,uncertain
8,0,11,2,0.5,2.5,2.5,4,-2.0,2.0,signal,1.918426326411164,1.5493737978891615,uncertain
8,0,12,2,0.5,2.5,2.5,4,-2.0,2.0,signal,2.3339405106700424,0.38551495370126443,signal
8,0,13,2,0.5,2.5,2.5,4,-2.0,2.0,signal,0.7640837015681374,2.787177756216966,uncertain
8,0,14,2,0.5,2.5,2.5,4,-2.0,2.0,signal,-0.20182654069691752,0.3592021034614524,uncertain
8,0,15,2,0.5,2.5,2.5,4,-2.0,2.0,noise,-0.6811439244652349,-1.0704477031900401,uncertain
8,0,16,2,0.5,2.5,2.5,4,-2.0,2.0,noise,-2.938936840807205,-2.5967953488668876,noise
8,0,17,2,0.5,2.5,2.5,4,-2.0,2.0,noise,-0.3699841144873276,0.17882707156193778,uncertain
8,0,18,2,0.5,2.5,2.5,4,-2.0,2.0,noise,-1.2315834572270006,-1.1831264324226054,uncertain
8,0,19,2,0.5,2.5,2.5,4,-2.0,2.0,signal,1.4353760020475737,1.1687313887311568,uncertain
8,0,20,2,0.5,2.5,2.5,4,-2.0,2.0,noise,-1.0283516630132323,-1.5784575870824036,uncertain
8,0,21,3,0.5,2.5,2.5,4,-2.0,2.0,signal,1.364156220900226,0.5426973067472921,uncertain
8,0,22,3,0.5,2.5,2.5,4,-2.0,2.0,noise,-0.23116138165093747,0.20017381497987374,uncertain
8,0,23,3,0.5,2.5,2.5,4,-2.0,2.0,signal,1.3573292841822036,2.399677413186315,uncertain
8,0,24,3,0.5,2.5,2.5,4,-2.0,2.0,signal,1.0646179024867046,0.30052793498299657,uncertain
8,0,25,3,0.5,2.5,2.5,4,-2.0,2.0,noise,-1.5407907211258864,-2.6235358615465847,uncertain
8,0,26,3,0.5,2.5,2.5,4,-2.0,2.0,noise,1.009035785192911,-0.9153034768883564,uncertain
8,0,27,3,0.5,2.5,2.5,4,-2.0,2.0,noise,-0.9417285289028157,-1.6786468293680257,uncertain
8,0,28,3,0.5,2.5,2.5,4,-2.0,2.0,signal,1.1603884423916724,1.8301736984433918,uncertain
8,0,29,3,0.5,2.5,2.5,4,-2.0,2.0,signal,1.168543766419332,2.7472703092964097,uncertain
8,0,30,3,0.5,2.5,2.5,4,-2.0,2.0,noise,-0.6456449586322865,0.16103541577600233,uncertain
8,0,31,3,0.5,2.5,2.5,4,-2.0,2.0,noise,-2.2496108201777876,-2.615773479204342,noise
8,0,32,3,0.5,2.5,2.5,4,-2.0,2.0,noise,-3.2855882887496226,-1.8558768211043826,noise
8,0,33,3,0.5,2.5,2.5,4,-2.0,2.0,signal,1.5016742258996918,1.7243349444776672,uncertain
8,0,34,3,0.5,2.5,2.5,4,-2.0,2.0,noise,-1.5718301173417997,-1.6261569483110667,uncertain
8,0,35,3,0.5,2.5,2.5,4,-2.0,2.0,signal,0.21917976967357644,2.000607201804531,uncertain
8,0,36,3,0.5,2.5,2.5,4,-2.0,2.0,signal,3.6767999947416277,1.0363561178412952,signal
8,0,37,3,0.5,2.5,2.5,4,-2.0,2.0,signal,2.6133836944371716,-0.036769126527685936,signal
8,0,38,3,0.5,2.5,2.5,4,-2.0,2.0,signal,2.2010125157219123,2.4477314322920245,signal
8,0,39,3,0.5,2.5,2.5,4,-2.0,2.0,noise,-1.0885479331079437,-0.6614977811259402,uncertain
8,0,40,3,0.5,2.5,2.5,4,-2.0,2.0,signal,0.7211623500348292,1.0056048987043338,uncertain
8,0,41,3,0.5,2.5,2.5,4,-2.0,2.0,signal,1.4119337441360615,0.08848758193491957,uncertain
8,0,42,3,0.5,2.5,2.5,4,-2.0,2.0,noise,0.5480820181439192,0.19057386903324547,uncertain
8,0,43,3,0.5,2.5,2.5,4,-2.0,2.0,noise,-1.658470507419956,-1.3587311883315774,uncertain
8,0,44,3,0.5,2.5,2.5,4,-2.0,2.0,noise,-2.64059575968641,0.0721368262908979,noise
8,0,45,3,0.5,2.5,2.5,4,-2.0,2.0,signal,-0.37138110985387396,2.0303388381776237,uncertain
8,0,46,3,0.5,2.5,2.5,4,-2.0,2.0,signal,0.5659428035443238,0.9306129286724882,uncertain
8,0,47,3,0.5,2.5,2.5,4,-2.0,2.0,noise,-0.8088396527600955,-1.4352207296353496,uncertain
8,0,48,3,0.5,2.5,2.5,4,-2.0,2.0,noise,-0.7398746113542409,-2.4160232363606804,uncertain
8,0,49,3,0.5,2.5,2.5,4,-2.0,2.0,signal,3.7869066808428626,2.586636803822538,signal
8,0,50,3,0.5,2.5,2.5,4,-2.0,2.0,signal,0.30980943431171515,2.381946502042544,uncertain
8,0,51,3,0.5,2.5,2.5,4,-2.0,2.0,signal,1.6734850372620653,2.8285878678310516,uncertain
8,0,52,3,0.5,2.5,2.5,4,-2.0,2.0,signal,0.6594279471834888,0.6929689569930308,uncertain
8,0,53,3,0.5,2.5,2.5,4,-2.0,2.0,signal,-0.49290441636095084,1.4512684068331858,uncertain
8,0,54,3,0.5,2.5,2.5,4,-2.0,2.0,signal,1.194043181320937,1.6023036038678824,uncertain
8,0,55,3,0.5,2.5,2.5,4,-2.0,2.0,signal,0.672114826466842,-0.9308468929118088,uncertain
8,0,56,3,0.5,2.5,2.5,4,-2.0,2.0,signal,1.7643226451361258,-0.12717220435339383,uncertain
8,0,57,3,0.5,2.5,2.5,4,-2.0,2.0,signal,2.0210316006842777,1.2746442570638579,signal
8,0,58,3,0.5,2.5,2.5,4,-2.0,2.0,signal,0.6635592740399789,0.9766221009284977,uncertain
8,0,59,3,0.5,2.5,2.5,4,-2.0,2.0,signal,3.377120189670728,1.9848468671351491,signal
8,0,60,3,0.5,2.5,2.5,4,-2.0,2.0,noise,0.5676298058829095,-0.3139181976644242,uncertain
8,0,61,3,0.5,2.5,2.5,4,-2.0,2.0,signal,1.1359834176612849,-0.11911804325380393,uncertain
8,0,62,3,0.5,2.5,2.5,4,-2.0,2.0,noise,-1.7928671375335399,0.604922495502711,uncertain
8,0,63,3,0.5,2.5,2.5,4,-2.0,2.0,noise,-0.4242567175085409,-2.4367106314636215,uncertain
8,0,64,3,0.5,2.5,2.5,4,-2.0,2.0,signal,0.652136918228782,0.291745230479177,uncertain
8,0,65,3,0.5,2.5,2.5,4,-2.0,2.0,noise,-0.7857355948306821,-1.8663528691845475,uncertain
8,0,66,3,0.5,2.5,2.5,4,-2.0,2.0,signal,0.5712265695857938,0.3634535120738688,uncertain
8,0,67,3,0.5,2.5,2.5,4,-2.0,2.0,noise,-0.4028455415247786,-1.0059096116459294,uncertain
8,0,68,3,0.5,2.5,2.5,4,-2.0,2.0,noise,-1.1038363246315415,-2.1126965099697452,uncertain
8,0,69,3,0.5,2.5,2.5,4,-2.0,2.0,noise,0.24151305737112927,-3.937055510344356,uncertain
8,0,70,3,0.5,2.5,2.5,4,-2.0,2.0,noise,-1.2159540900464214,-1.735647845918146,uncertain
8,0,71,3,0.5,2.5,2.5,4,-2.0,2.0,signal,2.5508054057723513,0.740157711450265,signal
8,0,72,3,0.5,2.5,2.5,4,-2.0,2.0,noise,-1.915445781211858,0.10420395339949873,uncertain
8,0,73,3,0.5,2.5,2.5,4,-2.0,2.0,signal,1.1874210281962296,0.5243965210694094,uncertain
8,0,74,3,0.5,2.5,2.5,4,-2.0,2.0,noise,1.4217435680025483,0.7068091832584669,uncertain
8,0,75,3,0.5,2.5,2.5,4,-2.0,2.0,noise,-1.882137490819562,-1.8311019312734018,uncertain
8,0,76,3,0.5,2.5,2.5,4,-2.0,2.0,noise,-2.327260859199434,-1.1640467574120215,noise
8,0,77,3,0.5,2.5,2.5,4,-2.0,2.0,noise,-2.2726656865448738,-1.0770024991972353,noise
8,0,78,3,0.5,2.5,2.5,4,-2.0,2.0,noise,-2.5855367444762782,-1.6821927719009735,noise
8,0,79,3,0.5,2.5,2.5,4,-2.0,2.0,signal,1.5356083832345426,0.10734101684840347,uncertain
8,0,80,3,0.5,2.5,2.5,4,-2.0,2.0,noise,-1.9687690414634051,-1.3572116368454261,uncertain
8,0,81,3,0.5,2.5,2.5,4,-2.0,2.0,signal,0.7804314034595008,0.7129133827120075,uncertain
8,0,82,3,0.5,2.5,2.5,4,-2.0,2.0,noise,-1.4346083737402586,-1.5906732222300481,uncertain
8,0,83,3,0.5,2.5,2.5,4,-2.0,2.0,signal,0.6498952385546081,1.557242946562716,uncertain
8,0,84,3,0.5,2.5,2.5,4,-2.0,2.0,signal,-0.4224120644177174,2.9223807736956964,uncertain
8,0,85,3,0.5,2.5,2.5,4,-2.0,2.0,signal,1.1893221617097918,1.9996019375521712,uncertain
8,0,86,3,0.5,2.5,2.5,4,-2.0,2.0,signal,0.8988960664127146,0.11408748025132831,uncertain
8,0,87,3,0.5,2.5,2.5,4,-2.0,2.0,signal,2.527062842716669,1.2078853205499969,signal
8,0,88,3,0.5,2.5,2.5,4,-2.0,2.0,noise,-1.7259249103139611,-1.8941008347953394,uncertain
8,0,89,3,0.5,2.5,2.5,4,-2.0,2.0,noise,-0.6789222192931809,-0.020318264477282355,uncertain
8,0,90,3,0.5,2.5,2.5,4,-2.0,2.0,noise,-1.6020303408526373,-1.2035548565259866,uncertain
8,0,91,3,0.5,2.5,2.5,4,-2.0,2.0,signal,0.8814747789737502,1.8833031429881282,uncertain
8,0,92,3,0.5,2.5,2.5,4,-2.0,2.0,noise,-1.69910046632016,-1.2482487800911979,uncertain
8,0,93,3,0.5,2.5,2.5,4,-2.0,2.0,signal,1.5553347332670326,2.5956938731050796,uncertain
8,0,94,3,0.5,2.5,2.5,4,-2.0,2.0,signal,0.6370293092946228,2.2548512894995003,uncertain
8,0,95,3,0.5,2.5,2.5,4,-2.0,2.0,noise,-1.6531288628612422,-2.9031778274029243,uncertain
8,0,96,3,0.5,2.5,2.5,4,-2.0,2.0,noise,-0.7792532275987999,-1.0998179766985658,uncertain
8,0,97,3,0.5,2.5,2.5,4,-2.0,2.0,noise,-1.4614451885877138,-0.8972975315381213,uncertain
8,0,98,3,0.5,2.5,2.5,4,-2.0,2.0,noise,-0.5258695606875357,0.027217170642637845,uncertain
8,0,99,3,0.5,2.5,2.5,4,-2.0,2.0,noise,-1.8841502216457675,-1.902842943640847,uncertain
8,0,100,3,0.5,2.5,2.5,4,-2.0,2.0,signal,0.15703992241317932,1.0580876557080658,uncertain
8,0,101,3,0.5,2.5,2.5,4,-2.0,2.0,noise,-1.3712758043158393,-2.3381270148982756,uncertain
8,0,102,3,0.5,2.5,2.5,4,-2.0,2.0,signal,-0.30937231822866673,0.11019105376739757,uncertain
8,0,103,3,0.5,2.5,2.5,4,-2.0,2.0,signal,1.6943147963695628,0.575541704204799,uncertain
8,0,104,3,0.5,2.5,2.5,4,-2.0,2.0,noise,-0.6684956273439091,-0.8442024140707228,uncertain
8,0,105,3,0.5,2.5,2.5,4,-2.0,2.0,noise,-0.8148513619198986,-1.568634122006934,uncertain
8,0,106,3,0.5,2.5,2.5,4,-2.0,2.0,noise,-3.803057054779575,-0.14648412363298302,noise
8,0,107,3,0.5,2.5,2.5,4,-2.0,2.0,signal,1.9497509252190766,0.9580862781273232,uncertain
8,0,108,3,0.5,2.5,2.5,4,-2.0,2.0,noise,-1.5267358997185854,-1.2098110967211253,uncertain
8,0,109,3,0.5,2.5,2.5,4,-2.0,2.0,noise,-1.3536566420376461,0.3844539858089244,uncertain
8,0,110,3,0.5,2.5,2.5,4,-2.0,2.0,signal,2.0648868084153476,0.2665248535051328,signal
8,0,111,3,0.5,2.5,2.5,4,-2.0,2.0,noise,-2.4099020723214473,-2.090925081572433,noise
8,0,112,3,0.5,2.5,2.5,4,-2.0,2.0,signal,1.7884220116930027,-0.07981726100510089,uncertain
8,0,113,3,0.5,2.5,2.5,4,-2.0,2.0,signal,-0.7396882370520681,2.760073443115158,uncertain
8,0,114,3,0.5,2.5,2.5,4,-2.0,2.0,noise,-0.6266562283305844,-1.623858382058428,uncertain
8,0,115,3,0.5,2.5,2.5,4,-2.0,2.0,noise,-1.6408294488644013,-0.898712390565029,uncertain
8,0,116,3,0.5,2.5,2.5,4,-2.0,2.0,noise,-1.2442352738403506,-2.0820234845840933,uncertain
8,0,117,3,0.5,2.5,2.5,4,-2.0,2.0,signal,2.275433177957564,2.0719384755066406,signal
8,0,118,3,0.5,2.5,2.5,4,-2.0,2.0,noise,-1.303881158519229,-1.682103242485779,uncertain
8,0,119,3,0.5,2.5,2.5,4,-2.0,2.0,signal,1.6451925210238563,0.9419446130488005,uncertain
8,0,120,3,0.5,2.5,2.5,4,-2.0,2.0,signal,1.3601441942656851,2.9120353391517018,uncertain
